Workbook

Sheet Cleaned_Working
A1: ID | B1: TransactionDates | C1: PaymentsHistory | D1: m1 | E1: m2 | F1: m3 | G1: m4 | H1: m5 | I1: m6 | J1: Total_Future_Repaid | K1: Repaid_Amount_Bucket | L1: Default_Flag | M1: PaSt_Payment_Count | N1: Missed_Payment_Count | O1: Has_Missed_Payment | P1: Total_past_paid | Q1: Pat_avg_payment
A2: ID_O5KG3X6 | B2: ['02-2018', '03-2018', '04-2018', '05-2018', '06-2018', '07-2018', '08-2018', '09-2018', '10-2018', '11-2018', '12-2018', '01-2019', '02-2019', '03-2019', '04-2019', '05-2019', '06-2019', '07-2019', '08-2019', '09-2019', '10-2019', '11-2019', '12-2019', '01-2020', '02-2020'] | C2: [3000.0, 2385.0, 1000.0, 2400.0, 1000.0, 2000.0, 1250.0, 950.0, 460.0, 300.0, 110.0, 105.0, 200.0, 110.0, 210.0, 300.0, 200.0, 650.0, 605.0, 65.0, 100.0, 110.0, 3700.0, 950.0, 1525.0] | D2: 33890 | E2: 900 | F2: 1565 | G2: 1705 | H2: 2015 | I2: 725 | J2: =SUM(D2:I2) -> 40800 | K2: =IFS( J2 <= 2000, "Low (<=2,000$ – Bottom ~25%)", J2 <= 4750, "Medium-Low (2,001–4,750$)", J2 <= 6630, "Medium-High (4,751–6,630$ – Top 50–75%)", TRUE, "High (>6,630$ – Top ~25%)" ) -> High (>6,630$ – Top ~25%) | L2: =IF(J2=0, "Default / High Risk", "Paid Something") -> Paid Something | M2: =IF(C2="", 0, LEN(C2) - LEN(SUBSTITUTE(C2, ",", "")) + 1) -> 25 | N2: =IFERROR(__xludf.DUMMYFUNCTION("IF(C2="""", 0, SUM(ARRAYFORMULA(IF(SPLIT(C2, "","")=""0"", 1, 0))))"),0.0) -> 0 | O2: =IF(C2="", "No History", IF(ISNUMBER(SEARCH(",0.0,", ","&C2&",")) + ISNUMBER(SEARCH(",0.0]", ","&C2&"]")) > 0, "Yes", "No")) -> No | P2: =IFERROR(__xludf.DUMMYFUNCTION("IF(C2="""", 0, SUM( ARRAYFORMULA( IFERROR( VALUE(REGEXREPLACE(TRIM(SPLIT(REGEXREPLACE(C2, ""[\[\]]"", """"), "","")), ""[^0-9.]"", """")), 0 ) ) ) )"),23685.0) -> 23685 | Q2: =IF(M2=0, 0, P2/M2) -> 947.4
A3: ID_1F9H57X | B3: ['04-2018', '05-2018', '06-2018', '07-2018', '08-2018', '09-2018', '10-2018', '11-2018', '12-2018', '01-2019', '02-2019', '03-2019'] | C3: [2500.0, 1860.0, 1530.0, 1400.0, 1500.0, 1650.0, 1650.0, 1650.0, 1400.0, 1850.0, 3605.0, 2660.0] | D3: 33438 | E3: 1540 | F3: 1420 | G3: 1595 | H3: 1375 | I3: 1805 | J3: =SUM(D3:I3) -> 41173 | K3: =IFS( J3 <= 2000, "Low (<=2,000$ – Bottom ~25%)", J3 <= 4750, "Medium-Low (2,001–4,750$)", J3 <= 6630, "Medium-High (4,751–6,630$ – Top 50–75%)", TRUE, "High (>6,630$ – Top ~25%)" ) -> High (>6,630$ – Top ~25%) | L3: =IF(J3=0, "Default / High Risk", "Paid Something") -> Paid Something | M3: =IF(C3="", 0, LEN(C3) - LEN(SUBSTITUTE(C3, ",", "")) + 1) -> 12 | N3: =IFERROR(__xludf.DUMMYFUNCTION("IF(C3="""", 0, SUM(ARRAYFORMULA(IF(SPLIT(C3, "","")=""0"", 1, 0))))"),0.0) -> 0 | O3: =IF(C3="", "No History", IF(ISNUMBER(SEARCH(",0.0,", ","&C3&",")) + ISNUMBER(SEARCH(",0.0]", ","&C3&"]")) > 0, "Yes", "No")) -> No | P3: =IFERROR(__xludf.DUMMYFUNCTION("IF(C3="""", 0, SUM( ARRAYFORMULA( IFERROR( VALUE(REGEXREPLACE(TRIM(SPLIT(REGEXREPLACE(C3, ""[\[\]]"", """"), "","")), ""[^0-9.]"", """")), 0 ) ) ) )"),23255.0) -> 23255 | Q3: =IF(M3=0, 0, P3/M3) -> 1937.9167
A4: ID_KDPEWCO | B4: ['03-2018', '05-2018', '06-2018', '07-2018', '08-2018', '09-2018', '10-2018', '11-2018', '12-2018', '01-2019', '02-2019', '03-2019', '04-2019', '05-2019', '06-2019', '07-2019', '08-2019', '09-2019', '10-2019', '11-2019', '12-2019', '01-2020', '02-2020', '03-2020', '04-2020', '05-2020', '06-2020', '07-2020', '08-2020', '09-2020', '10-2020', '11-2020'] | C4: [8000.0, 300.0, 420.0, 100.0, 400.0, 600.0, 1685.0, 1400.0, 1500.0, 1600.0, 1480.0, 1400.0, 1620.0, 1155.0, 1300.0, 700.0, 810.0, 790.0, 900.0, 1100.0, 800.0, 955.0, 600.0, 700.0, 200.0, 400.0, 400.0, 500.0, 600.0, 1100.0, 2000.0, 1950.0] | D4: 25980 | E4: 950 | F4: 1055 | G4: 1700 | H4: 1400 | I4: 1500 | J4: =SUM(D4:I4) -> 32585 | K4: =IFS( J4 <= 2000, "Low (<=2,000$ – Bottom ~25%)", J4 <= 4750, "Medium-Low (2,001–4,750$)", J4 <= 6630, "Medium-High (4,751–6,630$ – Top 50–75%)", TRUE, "High (>6,630$ – Top ~25%)" ) -> High (>6,630$ – Top ~25%) | L4: =IF(J4=0, "Default / High Risk", "Paid Something") -> Paid Something | M4: =IF(C4="", 0, LEN(C4) - LEN(SUBSTITUTE(C4, ",", "")) + 1) -> 32 | N4: =IFERROR(__xludf.DUMMYFUNCTION("IF(C4="""", 0, SUM(ARRAYFORMULA(IF(SPLIT(C4, "","")=""0"", 1, 0))))"),0.0) -> 0 | O4: =IF(C4="", "No History", IF(ISNUMBER(SEARCH(",0.0,", ","&C4&",")) + ISNUMBER(SEARCH(",0.0]", ","&C4&"]")) > 0, "Yes", "No")) -> No | P4: =IFERROR(__xludf.DUMMYFUNCTION("IF(C4="""", 0, SUM( ARRAYFORMULA( IFERROR( VALUE(REGEXREPLACE(TRIM(SPLIT(REGEXREPLACE(C4, ""[\[\]]"", """"), "","")), ""[^0-9.]"", """")), 0 ) ) ) )"),37465.0) -> 37465 | Q4: =IF(M4=0, 0, P4/M4) -> 1170.7812
A5: ID_UYGBPQT | B5: ['08-2017', '09-2017', '10-2017', '01-2018', '07-2018', '08-2018', '09-2018', '10-2018', '11-2018', '12-2018'] | C5: [12000.0, 6730.0, 3000.0, 3000.0, 2600.0, 2900.0, 2200.0, 3000.0, 4200.0, 1000.0] | D5: 12600 | E5: 9360 | F5: 950 | G5: 2970 | H5: 30450 | I5: 4800 | J5: =SUM(D5:I5) -> 61130 | K5: =IFS( J5 <= 2000, "Low (<=2,000$ – Bottom ~25%)", J5 <= 4750, "Medium-Low (2,001–4,750$)", J5 <= 6630, "Medium-High (4,751–6,630$ – Top 50–75%)", TRUE, "High (>6,630$ – Top ~25%)" ) -> High (>6,630$ – Top ~25%) | L5: =IF(J5=0, "Default / High Risk", "Paid Something") -> Paid Something | M5: =IF(C5="", 0, LEN(C5) - LEN(SUBSTITUTE(C5, ",", "")) + 1) -> 10 | N5: =IFERROR(__xludf.DUMMYFUNCTION("IF(C5="""", 0, SUM(ARRAYFORMULA(IF(SPLIT(C5, "","")=""0"", 1, 0))))"),0.0) -> 0 | O5: =IF(C5="", "No History", IF(ISNUMBER(SEARCH(",0.0,", ","&C5&",")) + ISNUMBER(SEARCH(",0.0]", ","&C5&"]")) > 0, "Yes", "No")) -> No | P5: =IFERROR(__xludf.DUMMYFUNCTION("IF(C5="""", 0, SUM( ARRAYFORMULA( IFERROR( VALUE(REGEXREPLACE(TRIM(SPLIT(REGEXREPLACE(C5, ""[\[\]]"", """"), "","")), ""[^0-9.]"", """")), 0 ) ) ) )"),40630.0) -> 40630 | Q5: =IF(M5=0, 0, P5/M5) -> 4063
A6: ID_GVW7LEP | B6: ['04-2018', '05-2018', '06-2018', '07-2018', '08-2018', '09-2018', '10-2018', '11-2018', '12-2018', '01-2019', '02-2019', '03-2019', '04-2019', '05-2019', '06-2019', '07-2019', '08-2019', '09-2019'] | C6: [2775.0, 1320.0, 1540.0, 990.0, 1155.0, 1155.0, 1155.0, 770.0, 1045.0, 550.0, 715.0, 660.0, 650.0, 990.0, 935.0, 935.0, 1100.0, 2055.0] | D6: 9950 | E6: 605 | F6: 605 | G6: 535 | H6: 585 | I6: 305 | J6: =SUM(D6:I6) -> 12585 | K6: =IFS( J6 <= 2000, "Low (<=2,000$ – Bottom ~25%)", J6 <= 4750, "Medium-Low (2,001–4,750$)", J6 <= 6630, "Medium-High (4,751–6,630$ – Top 50–75%)", TRUE, "High (>6,630$ – Top ~25%)" ) -> High (>6,630$ – Top ~25%) | L6: =IF(J6=0, "Default / High Risk", "Paid Something") -> Paid Something | M6: =IF(C6="", 0, LEN(C6) - LEN(SUBSTITUTE(C6, ",", "")) + 1) -> 18 | N6: =IFERROR(__xludf.DUMMYFUNCTION("IF(C6="""", 0, SUM(ARRAYFORMULA(IF(SPLIT(C6, "","")=""0"", 1, 0))))"),0.0) -> 0 | O6: =IF(C6="", "No History", IF(ISNUMBER(SEARCH(",0.0,", ","&C6&",")) + ISNUMBER(SEARCH(",0.0]", ","&C6&"]")) > 0, "Yes", "No")) -> No | P6: =IFERROR(__xludf.DUMMYFUNCTION("IF(C6="""", 0, SUM( ARRAYFORMULA( IFERROR( VALUE(REGEXREPLACE(TRIM(SPLIT(REGEXREPLACE(C6, ""[\[\]]"", """"), "","")), ""[^0-9.]"", """")), 0 ) ) ) )"),20495.0) -> 20495 | Q6: =IF(M6=0, 0, P6/M6) -> 1138.6111
A7: ID_UOJ52DX | B7: ['03-2018', '04-2018', '05-2018', '06-2018', '07-2018', '08-2018', '09-2018', '12-2018', '01-2019', '02-2019'] | C7: [8599.0, 3485.0, 3000.0, 1300.0, 100.0, 215.0, 205.0, 110.0, 1410.0, 1000.0] | D7: 8760 | E7: 255 | F7: 1100 | G7: 1205 | H7: 1270 | I7: 1070 | J7: =SUM(D7:I7) -> 13660 | K7: =IFS( J7 <= 2000, "Low (<=2,000$ – Bottom ~25%)", J7 <= 4750, "Medium-Low (2,001–4,750$)", J7 <= 6630, "Medium-High (4,751–6,630$ – Top 50–75%)", TRUE, "High (>6,630$ – Top ~25%)" ) -> High (>6,630$ – Top ~25%) | L7: =IF(J7=0, "Default / High Risk", "Paid Something") -> Paid Something | M7: =IF(C7="", 0, LEN(C7) - LEN(SUBSTITUTE(C7, ",", "")) + 1) -> 10 | N7: =IFERROR(__xludf.DUMMYFUNCTION("IF(C7="""", 0, SUM(ARRAYFORMULA(IF(SPLIT(C7, "","")=""0"", 1, 0))))"),0.0) -> 0 | O7: =IF(C7="", "No History", IF(ISNUMBER(SEARCH(",0.0,", ","&C7&",")) + ISNUMBER(SEARCH(",0.0]", ","&C7&"]")) > 0, "Yes", "No")) -> No | P7: =IFERROR(__xludf.DUMMYFUNCTION("IF(C7="""", 0, SUM( ARRAYFORMULA( IFERROR( VALUE(REGEXREPLACE(TRIM(SPLIT(REGEXREPLACE(C7, ""[\[\]]"", """"), "","")), ""[^0-9.]"", """")), 0 ) ) ) )"),19424.0) -> 19424 | Q7: =IF(M7=0, 0, P7/M7) -> 1942.4
A8: ID_ZYLVKN0 | B8: ['04-2018', '05-2018', '09-2018', '10-2018', '11-2018', '12-2018', '01-2019', '02-2019', '03-2019', '05-2019'] | C8: [3000.0, 4500.0, 400.0, 750.0, 350.0, 2200.0, 1270.0, 2000.0, 3310.0, 800.0] | D8: 8550 | E8: 1200 | F8: 1490 | G8: 1347 | H8: 863 | I8: 1050 | J8: =SUM(D8:I8) -> 14500 | K8: =IFS( J8 <= 2000, "Low (<=2,000$ – Bottom ~25%)", J8 <= 4750, "Medium-Low (2,001–4,750$)", J8 <= 6630, "Medium-High (4,751–6,630$ – Top 50–75%)", TRUE, "High (>6,630$ – Top ~25%)" ) -> High (>6,630$ – Top ~25%) | L8: =IF(J8=0, "Default / High Risk", "Paid Something") -> Paid Something | M8: =IF(C8="", 0, LEN(C8) - LEN(SUBSTITUTE(C8, ",", "")) + 1) -> 10 | N8: =IFERROR(__xludf.DUMMYFUNCTION("IF(C8="""", 0, SUM(ARRAYFORMULA(IF(SPLIT(C8, "","")=""0"", 1, 0))))"),0.0) -> 0 | O8: =IF(C8="", "No History", IF(ISNUMBER(SEARCH(",0.0,", ","&C8&",")) + ISNUMBER(SEARCH(",0.0]", ","&C8&"]")) > 0, "Yes", "No")) -> No | P8: =IFERROR(__xludf.DUMMYFUNCTION("IF(C8="""", 0, SUM( ARRAYFORMULA( IFERROR( VALUE(REGEXREPLACE(TRIM(SPLIT(REGEXREPLACE(C8, ""[\[\]]"", """"), "","")), ""[^0-9.]"", """")), 0 ) ) ) )"),18580.0) -> 18580 | Q8: =IF(M8=0, 0, P8/M8) -> 1858
A9: ID_RA4PSAL | B9: ['03-2018', '05-2018', '06-2018', '07-2018', '08-2018', '09-2018', '10-2018', '11-2018', '12-2018', '01-2019'] | C9: [5000.0, 1500.0, 2555.0, 2000.0, 1000.0, 250.0, 860.0, 1650.0, 1320.0, 1510.0] | D9: 8100 | E9: 1310 | F9: 1365 | G9: 1810 | H9: 1215 | I9: 1585 | J9: =SUM(D9:I9) -> 15385 | K9: =IFS( J9 <= 2000, "Low (<=2,000$ – Bottom ~25%)", J9 <= 4750, "Medium-Low (2,001–4,750$)", J9 <= 6630, "Medium-High (4,751–6,630$ – Top 50–75%)", TRUE, "High (>6,630$ – Top ~25%)" ) -> High (>6,630$ – Top ~25%) | L9: =IF(J9=0, "Default / High Risk", "Paid Something") -> Paid Something | M9: =IF(C9="", 0, LEN(C9) - LEN(SUBSTITUTE(C9, ",", "")) + 1) -> 10 | N9: =IFERROR(__xludf.DUMMYFUNCTION("IF(C9="""", 0, SUM(ARRAYFORMULA(IF(SPLIT(C9, "","")=""0"", 1, 0))))"),0.0) -> 0 | O9: =IF(C9="", "No History", IF(ISNUMBER(SEARCH(",0.0,", ","&C9&",")) + ISNUMBER(SEARCH(",0.0]", ","&C9&"]")) > 0, "Yes", "No")) -> No | P9: =IFERROR(__xludf.DUMMYFUNCTION("IF(C9="""", 0, SUM( ARRAYFORMULA( IFERROR( VALUE(REGEXREPLACE(TRIM(SPLIT(REGEXREPLACE(C9, ""[\[\]]"", """"), "","")), ""[^0-9.]"", """")), 0 ) ) ) )"),17645.0) -> 17645 | Q9: =IF(M9=0, 0, P9/M9) -> 1764.5
A10: ID_BRR6P6W | B10: ['02-2018', '05-2018', '07-2018', '08-2018', '09-2018', '10-2018'] | C10: [13000.0, 1650.0, 2850.0, 2850.0, 1400.0, 8900.0] | D10: 7800 | E10: 5000 | F10: 5000 | G10: 3000 | H10: 3000 | I10: 2514 | J10: =SUM(D10:I10) -> 26314 | K10: =IFS( J10 <= 2000, "Low (<=2,000$ – Bottom ~25%)", J10 <= 4750, "Medium-Low (2,001–4,750$)", J10 <= 6630, "Medium-High (4,751–6,630$ – Top 50–75%)", TRUE, "High (>6,630$ – Top ~25%)" ) -> High (>6,630$ – Top ~25%) | L10: =IF(J10=0, "Default / High Risk", "Paid Something") -> Paid Something | M10: =IF(C10="", 0, LEN(C10) - LEN(SUBSTITUTE(C10, ",", "")) + 1) -> 6 | N10: =IFERROR(__xludf.DUMMYFUNCTION("IF(C10="""", 0, SUM(ARRAYFORMULA(IF(SPLIT(C10, "","")=""0"", 1, 0))))"),0.0) -> 0 | O10: =IF(C10="", "No History", IF(ISNUMBER(SEARCH(",0.0,", ","&C10&",")) + ISNUMBER(SEARCH(",0.0]", ","&C10&"]")) > 0, "Yes", "No")) -> No | P10: =IFERROR(__xludf.DUMMYFUNCTION("IF(C10="""", 0, SUM( ARRAYFORMULA( IFERROR( VALUE(REGEXREPLACE(TRIM(SPLIT(REGEXREPLACE(C10, ""[\[\]]"", """"), "","")), ""[^0-9.]"", """")), 0 ) ) ) )"),30650.0) -> 30650 | Q10: =IF(M10=0, 0, P10/M10) -> 5108.3333
A11: ID_ET5313E | B11: ['02-2018', '03-2018', '04-2018', '05-2018', '07-2018'] | C11: [3000.0, 4950.0, 3300.0, 1650.0, 2235.0] | D11: 6650 | E11: 4950 | F11: 1100 | G11: 2100 | H11: 2149 | I11: 1000 | J11: =SUM(D11:I11) -> 17949 | K11: =IFS( J11 <= 2000, "Low (<=2,000$ – Bottom ~25%)", J11 <= 4750, "Medium-Low (2,001–4,750$)", J11 <= 6630, "Medium-High (4,751–6,630$ – Top 50–75%)", TRUE, "High (>6,630$ – Top ~25%)" ) -> High (>6,630$ – Top ~25%) | L11: =IF(J11=0, "Default / High Risk", "Paid Something") -> Paid Something | M11: =IF(C11="", 0, LEN(C11) - LEN(SUBSTITUTE(C11, ",", "")) + 1) -> 5 | N11: =IFERROR(__xludf.DUMMYFUNCTION("IF(C11="""", 0, SUM(ARRAYFORMULA(IF(SPLIT(C11, "","")=""0"", 1, 0))))"),0.0) -> 0 | O11: =IF(C11="", "No History", IF(ISNUMBER(SEARCH(",0.0,", ","&C11&",")) + ISNUMBER(SEARCH(",0.0]", ","&C11&"]")) > 0, "Yes", "No")) -> No | P11: =IFERROR(__xludf.DUMMYFUNCTION("IF(C11="""", 0, SUM( ARRAYFORMULA( IFERROR( VALUE(REGEXREPLACE(TRIM(SPLIT(REGEXREPLACE(C11, ""[\[\]]"", """"), "","")), ""[^0-9.]"", """")), 0 ) ) ) )"),15135.0) -> 15135 | Q11: =IF(M11=0, 0, P11/M11) -> 3027
A12: ID_GLD0EES | B12: ['02-2018', '03-2018', '04-2018', '08-2018', '10-2018', '11-2018'] | C12: [13000.0, 10000.0, 5000.0, 5000.0, 4000.0, 4000.0] | D12: 6000 | E12: 2400 | F12: 1055 | G12: 3900 | H12: 1500 | I12: 1109 | J12: =SUM(D12:I12) -> 15964 | K12: =IFS( J12 <= 2000, "Low (<=2,000$ – Bottom ~25%)", J12 <= 4750, "Medium-Low (2,001–4,750$)", J12 <= 6630, "Medium-High (4,751–6,630$ – Top 50–75%)", TRUE, "High (>6,630$ – Top ~25%)" ) -> High (>6,630$ – Top ~25%) | L12: =IF(J12=0, "Default / High Risk", "Paid Something") -> Paid Something | M12: =IF(C12="", 0, LEN(C12) - LEN(SUBSTITUTE(C12, ",", "")) + 1) -> 6 | N12: =IFERROR(__xludf.DUMMYFUNCTION("IF(C12="""", 0, SUM(ARRAYFORMULA(IF(SPLIT(C12, "","")=""0"", 1, 0))))"),0.0) -> 0 | O12: =IF(C12="", "No History", IF(ISNUMBER(SEARCH(",0.0,", ","&C12&",")) + ISNUMBER(SEARCH(",0.0]", ","&C12&"]")) > 0, "Yes", "No")) -> No | P12: =IFERROR(__xludf.DUMMYFUNCTION("IF(C12="""", 0, SUM( ARRAYFORMULA( IFERROR( VALUE(REGEXREPLACE(TRIM(SPLIT(REGEXREPLACE(C12, ""[\[\]]"", """"), "","")), ""[^0-9.]"", """")), 0 ) ) ) )"),41000.0) -> 41000 | Q12: =IF(M12=0, 0, P12/M12) -> 6833.3333
A13: ID_L561HVU | B13: ['03-2018', '04-2018', '05-2018', '06-2018', '07-2018', '08-2018', '09-2018', '10-2018', '11-2018'] | C13: [7500.0, 2900.0, 3000.0, 1900.0, 3500.0, 3000.0, 3000.0, 3000.0, 3000.0] | D13: 6000 | E13: 3000 | F13: 3200 | G13: 3000 | H13: 3100 | I13: 7864 | J13: =SUM(D13:I13) -> 26164 | K13: =IFS( J13 <= 2000, "Low (<=2,000$ – Bottom ~25%)", J13 <= 4750, "Medium-Low (2,001–4,750$)", J13 <= 6630, "Medium-High (4,751–6,630$ – Top 50–75%)", TRUE, "High (>6,630$ – Top ~25%)" ) -> High (>6,630$ – Top ~25%) | L13: =IF(J13=0, "Default / High Risk", "Paid Something") -> Paid Something | M13: =IF(C13="", 0, LEN(C13) - LEN(SUBSTITUTE(C13, ",", "")) + 1) -> 9 | N13: =IFERROR(__xludf.DUMMYFUNCTION("IF(C13="""", 0, SUM(ARRAYFORMULA(IF(SPLIT(C13, "","")=""0"", 1, 0))))"),0.0) -> 0 | O13: =IF(C13="", "No History", IF(ISNUMBER(SEARCH(",0.0,", ","&C13&",")) + ISNUMBER(SEARCH(",0.0]", ","&C13&"]")) > 0, "Yes", "No")) -> No | P13: =IFERROR(__xludf.DUMMYFUNCTION("IF(C13="""", 0, SUM( ARRAYFORMULA( IFERROR( VALUE(REGEXREPLACE(TRIM(SPLIT(REGEXREPLACE(C13, ""[\[\]]"", """"), "","")), ""[^0-9.]"", """")), 0 ) ) ) )"),30800.0) -> 30800 | Q13: =IF(M13=0, 0, P13/M13) -> 3422.2222
A14: ID_FTV8FZJ | B14: ['04-2018', '05-2018', '06-2018', '07-2018', '09-2018', '11-2018', '01-2019'] | C14: [2885.0, 500.0, 550.0, 1650.0, 2000.0, 2000.0, 4000.0] | D14: 6000 | E14: 4000 | F14: 2000 | G14: 2000 | H14: 2000 | I14: 3495 | J14: =SUM(D14:I14) -> 19495 | K14: =IFS( J14 <= 2000, "Low (<=2,000$ – Bottom ~25%)", J14 <= 4750, "Medium-Low (2,001–4,750$)", J14 <= 6630, "Medium-High (4,751–6,630$ – Top 50–75%)", TRUE, "High (>6,630$ – Top ~25%)" ) -> High (>6,630$ – Top ~25%) | L14: =IF(J14=0, "Default / High Risk", "Paid Something") -> Paid Something | M14: =IF(C14="", 0, LEN(C14) - LEN(SUBSTITUTE(C14, ",", "")) + 1) -> 7 | N14: =IFERROR(__xludf.DUMMYFUNCTION("IF(C14="""", 0, SUM(ARRAYFORMULA(IF(SPLIT(C14, "","")=""0"", 1, 0))))"),0.0) -> 0 | O14: =IF(C14="", "No History", IF(ISNUMBER(SEARCH(",0.0,", ","&C14&",")) + ISNUMBER(SEARCH(",0.0]", ","&C14&"]")) > 0, "Yes", "No")) -> No | P14: =IFERROR(__xludf.DUMMYFUNCTION("IF(C14="""", 0, SUM( ARRAYFORMULA( IFERROR( VALUE(REGEXREPLACE(TRIM(SPLIT(REGEXREPLACE(C14, ""[\[\]]"", """"), "","")), ""[^0-9.]"", """")), 0 ) ) ) )"),13585.0) -> 13585 | Q14: =IF(M14=0, 0, P14/M14) -> 1940.7143
A15: ID_GAIAFV3 | B15: ['02-2018', '03-2018', '04-2018', '05-2018', '06-2018', '07-2018', '08-2018', '09-2018', '10-2018', '11-2018', '12-2018', '01-2019', '02-2019'] | C15: [4055.0, 1400.0, 1400.0, 1800.0, 1550.0, 1700.0, 1300.0, 2000.0, 2000.0, 2000.0, 700.0, 1700.0, 950.0] | D15: 6000 | E15: 500 | F15: 1000 | G15: 500 | H15: 1950 | I15: 1000 | J15: =SUM(D15:I15) -> 10950 | K15: =IFS( J15 <= 2000, "Low (<=2,000$ – Bottom ~25%)", J15 <= 4750, "Medium-Low (2,001–4,750$)", J15 <= 6630, "Medium-High (4,751–6,630$ – Top 50–75%)", TRUE, "High (>6,630$ – Top ~25%)" ) -> High (>6,630$ – Top ~25%) | L15: =IF(J15=0, "Default / High Risk", "Paid Something") -> Paid Something | M15: =IF(C15="", 0, LEN(C15) - LEN(SUBSTITUTE(C15, ",", "")) + 1) -> 13 | N15: =IFERROR(__xludf.DUMMYFUNCTION("IF(C15="""", 0, SUM(ARRAYFORMULA(IF(SPLIT(C15, "","")=""0"", 1, 0))))"),0.0) -> 0 | O15: =IF(C15="", "No History", IF(ISNUMBER(SEARCH(",0.0,", ","&C15&",")) + ISNUMBER(SEARCH(",0.0]", ","&C15&"]")) > 0, "Yes", "No")) -> No | P15: =IFERROR(__xludf.DUMMYFUNCTION("IF(C15="""", 0, SUM( ARRAYFORMULA( IFERROR( VALUE(REGEXREPLACE(TRIM(SPLIT(REGEXREPLACE(C15, ""[\[\]]"", """"), "","")), ""[^0-9.]"", """")), 0 ) ) ) )"),22555.0) -> 22555 | Q15: =IF(M15=0, 0, P15/M15) -> 1735
A16: ID_12QBNP0 | B16: ['04-2018', '06-2018', '07-2018', '08-2018', '09-2018', '10-2018', '11-2018', '01-2019', '02-2019', '03-2019', '05-2019', '06-2019', '07-2019', '08-2019', '10-2019'] | C16: [8000.0, 2850.0, 385.0, 380.0, 665.0, 190.0, 2850.0, 665.0, 190.0, 2850.0, 2850.0, 2850.0, 2850.0, 2850.0, 5795.0] | D16: 5700 | E16: 2850 | F16: 3230 | G16: 2850 | H16: 3600 | I16: 3084 | J16: =SUM(D16:I16) -> 21314 | K16: =IFS( J16 <= 2000, "Low (<=2,000$ – Bottom ~25%)", J16 <= 4750, "Medium-Low (2,001–4,750$)", J16 <= 6630, "Medium-High (4,751–6,630$ – Top 50–75%)", TRUE, "High (>6,630$ – Top ~25%)" ) -> High (>6,630$ – Top ~25%) | L16: =IF(J16=0, "Default / High Risk", "Paid Something") -> Paid Something | M16: =IF(C16="", 0, LEN(C16) - LEN(SUBSTITUTE(C16, ",", "")) + 1) -> 15 | N16: =IFERROR(__xludf.DUMMYFUNCTION("IF(C16="""", 0, SUM(ARRAYFORMULA(IF(SPLIT(C16, "","")=""0"", 1, 0))))"),0.0) -> 0 | O16: =IF(C16="", "No History", IF(ISNUMBER(SEARCH(",0.0,", ","&C16&",")) + ISNUMBER(SEARCH(",0.0]", ","&C16&"]")) > 0, "Yes", "No")) -> No | P16: =IFERROR(__xludf.DUMMYFUNCTION("IF(C16="""", 0, SUM( ARRAYFORMULA( IFERROR( VALUE(REGEXREPLACE(TRIM(SPLIT(REGEXREPLACE(C16, ""[\[\]]"", """"), "","")), ""[^0-9.]"", """")), 0 ) ) ) )"),36220.0) -> 36220 | Q16: =IF(M16=0, 0, P16/M16) -> 2414.6667
A17: ID_8MFTNJ8 | B17: ['03-2018', '04-2018', '05-2018', '08-2018', '09-2018', '10-2018', '11-2018', '12-2018', '01-2019', '02-2019'] | C17: [7620.0, 2850.0, 2850.0, 2850.0, 2850.0, 2850.0, 2850.0, 2850.0, 2850.0, 2850.0] | D17: 5700 | E17: 2050 | F17: 3069 | G17: 6138 | H17: 3069 | I17: 3668 | J17: =SUM(D17:I17) -> 23694 | K17: =IFS( J17 <= 2000, "Low (<=2,000$ – Bottom ~25%)", J17 <= 4750, "Medium-Low (2,001–4,750$)", J17 <= 6630, "Medium-High (4,751–6,630$ – Top 50–75%)", TRUE, "High (>6,630$ – Top ~25%)" ) -> High (>6,630$ – Top ~25%) | L17: =IF(J17=0, "Default / High Risk", "Paid Something") -> Paid Something | M17: =IF(C17="", 0, LEN(C17) - LEN(SUBSTITUTE(C17, ",", "")) + 1) -> 10 | N17: =IFERROR(__xludf.DUMMYFUNCTION("IF(C17="""", 0, SUM(ARRAYFORMULA(IF(SPLIT(C17, "","")=""0"", 1, 0))))"),0.0) -> 0 | O17: =IF(C17="", "No History", IF(ISNUMBER(SEARCH(",0.0,", ","&C17&",")) + ISNUMBER(SEARCH(",0.0]", ","&C17&"]")) > 0, "Yes", "No")) -> No | P17: =IFERROR(__xludf.DUMMYFUNCTION("IF(C17="""", 0, SUM( ARRAYFORMULA( IFERROR( VALUE(REGEXREPLACE(TRIM(SPLIT(REGEXREPLACE(C17, ""[\[\]]"", """"), "","")), ""[^0-9.]"", """")), 0 ) ) ) )"),33270.0) -> 33270 | Q17: =IF(M17=0, 0, P17/M17) -> 3327
A18: ID_F63EKBS | B18: ['02-2018', '03-2018', '04-2018', '05-2018', '06-2018'] | C18: [3340.0, 400.0, 2000.0, 245.0, 1355.0] | D18: 5525 | E18: 5000 | F18: 1000 | G18: 1150 | H18: 1700 | I18: 12000 | J18: =SUM(D18:I18) -> 26375 | K18: =IFS( J18 <= 2000, "Low (<=2,000$ – Bottom ~25%)", J18 <= 4750, "Medium-Low (2,001–4,750$)", J18 <= 6630, "Medium-High (4,751–6,630$ – Top 50–75%)", TRUE, "High (>6,630$ – Top ~25%)" ) -> High (>6,630$ – Top ~25%) | L18: =IF(J18=0, "Default / High Risk", "Paid Something") -> Paid Something | M18: =IF(C18="", 0, LEN(C18) - LEN(SUBSTITUTE(C18, ",", "")) + 1) -> 5 | N18: =IFERROR(__xludf.DUMMYFUNCTION("IF(C18="""", 0, SUM(ARRAYFORMULA(IF(SPLIT(C18, "","")=""0"", 1, 0))))"),0.0) -> 0 | O18: =IF(C18="", "No History", IF(ISNUMBER(SEARCH(",0.0,", ","&C18&",")) + ISNUMBER(SEARCH(",0.0]", ","&C18&"]")) > 0, "Yes", "No")) -> No | P18: =IFERROR(__xludf.DUMMYFUNCTION("IF(C18="""", 0, SUM( ARRAYFORMULA( IFERROR( VALUE(REGEXREPLACE(TRIM(SPLIT(REGEXREPLACE(C18, ""[\[\]]"", """"), "","")), ""[^0-9.]"", """")), 0 ) ) ) )"),7340.0) -> 7340 | Q18: =IF(M18=0, 0, P18/M18) -> 1468
A19: ID_TP5ME1R | B19: ['04-2018', '07-2018', '08-2018', '09-2018', '10-2018', '12-2018', '01-2019', '03-2019', '04-2019', '05-2019'] | C19: [6350.0, 1815.0, 550.0, 55.0, 1660.0, 440.0, 2210.0, 1010.0, 820.0, 2220.0] | D19: 5500 | E19: 785 | F19: 775 | G19: 1950 | H19: 1000 | I19: 6000 | J19: =SUM(D19:I19) -> 16010 | K19: =IFS( J19 <= 2000, "Low (<=2,000$ – Bottom ~25%)", J19 <= 4750, "Medium-Low (2,001–4,750$)", J19 <= 6630, "Medium-High (4,751–6,630$ – Top 50–75%)", TRUE, "High (>6,630$ – Top ~25%)" ) -> High (>6,630$ – Top ~25%) | L19: =IF(J19=0, "Default / High Risk", "Paid Something") -> Paid Something | M19: =IF(C19="", 0, LEN(C19) - LEN(SUBSTITUTE(C19, ",", "")) + 1) -> 10 | N19: =IFERROR(__xludf.DUMMYFUNCTION("IF(C19="""", 0, SUM(ARRAYFORMULA(IF(SPLIT(C19, "","")=""0"", 1, 0))))"),0.0) -> 0 | O19: =IF(C19="", "No History", IF(ISNUMBER(SEARCH(",0.0,", ","&C19&",")) + ISNUMBER(SEARCH(",0.0]", ","&C19&"]")) > 0, "Yes", "No")) -> No | P19: =IFERROR(__xludf.DUMMYFUNCTION("IF(C19="""", 0, SUM( ARRAYFORMULA( IFERROR( VALUE(REGEXREPLACE(TRIM(SPLIT(REGEXREPLACE(C19, ""[\[\]]"", """"), "","")), ""[^0-9.]"", """")), 0 ) ) ) )"),17130.0) -> 17130 | Q19: =IF(M19=0, 0, P19/M19) -> 1713
A20: ID_2D7YVBC | B20: ['04-2018', '05-2018', '06-2018', '07-2018', '08-2018', '09-2018', '10-2018', '11-2018', '12-2018', '01-2019', '02-2019', '03-2019', '04-2019', '05-2019', '06-2019', '07-2019', '08-2019', '09-2019', '10-2019', '11-2019', '12-2019', '01-2020', '02-2020', '03-2020', '04-2020'] | C20: [7520.0, 1735.0, 2165.0, 1775.0, 1335.0, 2210.0, 1360.0, 1685.0, 1700.0, 770.0, 1080.0, 950.0, 970.0, 1560.0, 855.0, 1470.0, 1145.0, 738.0, 1045.0, 1140.0, 1710.0, 460.0, 855.0, 840.0, 2530.0] | D20: 5436 | E20: 4141 | F20: 500 | G20: 2080 | H20: 2975 | I20: 2609 | J20: =SUM(D20:I20) -> 17741 | K20: =IFS( J20 <= 2000, "Low (<=2,000$ – Bottom ~25%)", J20 <= 4750, "Medium-Low (2,001–4,750$)", J20 <= 6630, "Medium-High (4,751–6,630$ – Top 50–75%)", TRUE, "High (>6,630$ – Top ~25%)" ) -> High (>6,630$ – Top ~25%) | L20: =IF(J20=0, "Default / High Risk", "Paid Something") -> Paid Something | M20: =IF(C20="", 0, LEN(C20) - LEN(SUBSTITUTE(C20, ",", "")) + 1) -> 25 | N20: =IFERROR(__xludf.DUMMYFUNCTION("IF(C20="""", 0, SUM(ARRAYFORMULA(IF(SPLIT(C20, "","")=""0"", 1, 0))))"),0.0) -> 0 | O20: =IF(C20="", "No History", IF(ISNUMBER(SEARCH(",0.0,", ","&C20&",")) + ISNUMBER(SEARCH(",0.0]", ","&C20&"]")) > 0, "Yes", "No")) -> No | P20: =IFERROR(__xludf.DUMMYFUNCTION("IF(C20="""", 0, SUM( ARRAYFORMULA( IFERROR( VALUE(REGEXREPLACE(TRIM(SPLIT(REGEXREPLACE(C20, ""[\[\]]"", """"), "","")), ""[^0-9.]"", """")), 0 ) ) ) )"),39603.0) -> 39603 | Q20: =IF(M20=0, 0, P20/M20) -> 1584.12
A21: ID_4YKKTRO | B21: ['02-2018', '03-2018', '04-2018', '05-2018', '06-2018', '07-2018', '08-2018', '09-2018', '10-2018', '11-2018', '12-2018', '01-2019', '02-2019', '03-2019'] | C21: [6500.0, 3100.0, 1895.0, 2900.0, 3005.0, 2810.0, 2980.0, 1760.0, 2580.0, 2000.0, 2700.0, 2450.0, 2050.0, 1600.0] | D21: 5195 | E21: 2500 | F21: 2800 | G21: 3100 | H21: 2900 | I21: 2139 | J21: =SUM(D21:I21) -> 18634 | K21: =IFS( J21 <= 2000, "Low (<=2,000$ – Bottom ~25%)", J21 <= 4750, "Medium-Low (2,001–4,750$)", J21 <= 6630, "Medium-High (4,751–6,630$ – Top 50–75%)", TRUE, "High (>6,630$ – Top ~25%)" ) -> High (>6,630$ – Top ~25%) | L21: =IF(J21=0, "Default / High Risk", "Paid Something") -> Paid Something | M21: =IF(C21="", 0, LEN(C21) - LEN(SUBSTITUTE(C21, ",", "")) + 1) -> 14 | N21: =IFERROR(__xludf.DUMMYFUNCTION("IF(C21="""", 0, SUM(ARRAYFORMULA(IF(SPLIT(C21, "","")=""0"", 1, 0))))"),0.0) -> 0 | O21: =IF(C21="", "No History", IF(ISNUMBER(SEARCH(",0.0,", ","&C21&",")) + ISNUMBER(SEARCH(",0.0]", ","&C21&"]")) > 0, "Yes", "No")) -> No | P21: =IFERROR(__xludf.DUMMYFUNCTION("IF(C21="""", 0, SUM( ARRAYFORMULA( IFERROR( VALUE(REGEXREPLACE(TRIM(SPLIT(REGEXREPLACE(C21, ""[\[\]]"", """"), "","")), ""[^0-9.]"", """")), 0 ) ) ) )"),38330.0) -> 38330 | Q21: =IF(M21=0, 0, P21/M21) -> 2737.8571
A22: ID_I1UCVI5 | B22: ['03-2018', '04-2018', '06-2018', '08-2018', '09-2018', '10-2018'] | C22: [4115.0, 3600.0, 4800.0, 3000.0, 830.0, 3800.0] | D22: 5000 | E22: 3000 | F22: 3000 | G22: 1500 | H22: 300 | I22: 139 | J22: =SUM(D22:I22) -> 12939 | K22: =IFS( J22 <= 2000, "Low (<=2,000$ – Bottom ~25%)", J22 <= 4750, "Medium-Low (2,001–4,750$)", J22 <= 6630, "Medium-High (4,751–6,630$ – Top 50–75%)", TRUE, "High (>6,630$ – Top ~25%)" ) -> High (>6,630$ – Top ~25%) | L22: =IF(J22=0, "Default / High Risk", "Paid Something") -> Paid Something | M22: =IF(C22="", 0, LEN(C22) - LEN(SUBSTITUTE(C22, ",", "")) + 1) -> 6 | N22: =IFERROR(__xludf.DUMMYFUNCTION("IF(C22="""", 0, SUM(ARRAYFORMULA(IF(SPLIT(C22, "","")=""0"", 1, 0))))"),0.0) -> 0 | O22: =IF(C22="", "No History", IF(ISNUMBER(SEARCH(",0.0,", ","&C22&",")) + ISNUMBER(SEARCH(",0.0]", ","&C22&"]")) > 0, "Yes", "No")) -> No | P22: =IFERROR(__xludf.DUMMYFUNCTION("IF(C22="""", 0, SUM( ARRAYFORMULA( IFERROR( VALUE(REGEXREPLACE(TRIM(SPLIT(REGEXREPLACE(C22, ""[\[\]]"", """"), "","")), ""[^0-9.]"", """")), 0 ) ) ) )"),20145.0) -> 20145 | Q22: =IF(M22=0, 0, P22/M22) -> 3357.5
A23: ID_1RS6KSO | B23: ['04-2018', '05-2018', '06-2018', '07-2018', '08-2018', '09-2018', '10-2018', '11-2018'] | C23: [4600.0, 1230.0, 2000.0, 2000.0, 2100.0, 1000.0, 2000.0, 1110.0] | D23: 5000 | E23: 1050 | F23: 2050 | G23: 1420 | H23: 3550 | I23: 3970 | J23: =SUM(D23:I23) -> 17040 | K23: =IFS( J23 <= 2000, "Low (<=2,000$ – Bottom ~25%)", J23 <= 4750, "Medium-Low (2,001–4,750$)", J23 <= 6630, "Medium-High (4,751–6,630$ – Top 50–75%)", TRUE, "High (>6,630$ – Top ~25%)" ) -> High (>6,630$ – Top ~25%) | L23: =IF(J23=0, "Default / High Risk", "Paid Something") -> Paid Something | M23: =IF(C23="", 0, LEN(C23) - LEN(SUBSTITUTE(C23, ",", "")) + 1) -> 8 | N23: =IFERROR(__xludf.DUMMYFUNCTION("IF(C23="""", 0, SUM(ARRAYFORMULA(IF(SPLIT(C23, "","")=""0"", 1, 0))))"),0.0) -> 0 | O23: =IF(C23="", "No History", IF(ISNUMBER(SEARCH(",0.0,", ","&C23&",")) + ISNUMBER(SEARCH(",0.0]", ","&C23&"]")) > 0, "Yes", "No")) -> No | P23: =IFERROR(__xludf.DUMMYFUNCTION("IF(C23="""", 0, SUM( ARRAYFORMULA( IFERROR( VALUE(REGEXREPLACE(TRIM(SPLIT(REGEXREPLACE(C23, ""[\[\]]"", """"), "","")), ""[^0-9.]"", """")), 0 ) ) ) )"),16040.0) -> 16040 | Q23: =IF(M23=0, 0, P23/M23) -> 2005
A24: ID_4J1S2E5 | B24: ['02-2018', '03-2018', '04-2018', '05-2018', '06-2018', '07-2018'] | C24: [4500.0, 1500.0, 2000.0, 2000.0, 2000.0, 2000.0] | D24: 5000 | E24: 2000 | F24: 1000 | G24: 10185 | H24: 200 | I24: 699 | J24: =SUM(D24:I24) -> 19084 | K24: =IFS( J24 <= 2000, "Low (<=2,000$ – Bottom ~25%)", J24 <= 4750, "Medium-Low (2,001–4,750$)", J24 <= 6630, "Medium-High (4,751–6,630$ – Top 50–75%)", TRUE, "High (>6,630$ – Top ~25%)" ) -> High (>6,630$ – Top ~25%) | L24: =IF(J24=0, "Default / High Risk", "Paid Something") -> Paid Something | M24: =IF(C24="", 0, LEN(C24) - LEN(SUBSTITUTE(C24, ",", "")) + 1) -> 6 | N24: =IFERROR(__xludf.DUMMYFUNCTION("IF(C24="""", 0, SUM(ARRAYFORMULA(IF(SPLIT(C24, "","")=""0"", 1, 0))))"),0.0) -> 0 | O24: =IF(C24="", "No History", IF(ISNUMBER(SEARCH(",0.0,", ","&C24&",")) + ISNUMBER(SEARCH(",0.0]", ","&C24&"]")) > 0, "Yes", "No")) -> No | P24: =IFERROR(__xludf.DUMMYFUNCTION("IF(C24="""", 0, SUM( ARRAYFORMULA( IFERROR( VALUE(REGEXREPLACE(TRIM(SPLIT(REGEXREPLACE(C24, ""[\[\]]"", """"), "","")), ""[^0-9.]"", """")), 0 ) ) ) )"),14000.0) -> 14000 | Q24: =IF(M24=0, 0, P24/M24) -> 2333.3333
A25: ID_R1I9PKB | B25: ['01-2018', '03-2018', '05-2018', '06-2018', '07-2018', '09-2018', '10-2018'] | C25: [9044.0, 6000.0, 6000.0, 3000.0, 3000.0, 3000.0, 6000.0] | D25: 5000 | E25: 5920 | F25: 1950 | G25: 2000 | H25: 3650 | I25: 2400 | J25: =SUM(D25:I25) -> 20920 | K25: =IFS( J25 <= 2000, "Low (<=2,000$ – Bottom ~25%)", J25 <= 4750, "Medium-Low (2,001–4,750$)", J25 <= 6630, "Medium-High (4,751–6,630$ – Top 50–75%)", TRUE, "High (>6,630$ – Top ~25%)" ) -> High (>6,630$ – Top ~25%) | L25: =IF(J25=0, "Default / High Risk", "Paid Something") -> Paid Something | M25: =IF(C25="", 0, LEN(C25) - LEN(SUBSTITUTE(C25, ",", "")) + 1) -> 7 | N25: =IFERROR(__xludf.DUMMYFUNCTION("IF(C25="""", 0, SUM(ARRAYFORMULA(IF(SPLIT(C25, "","")=""0"", 1, 0))))"),0.0) -> 0 | O25: =IF(C25="", "No History", IF(ISNUMBER(SEARCH(",0.0,", ","&C25&",")) + ISNUMBER(SEARCH(",0.0]", ","&C25&"]")) > 0, "Yes", "No")) -> No | P25: =IFERROR(__xludf.DUMMYFUNCTION("IF(C25="""", 0, SUM( ARRAYFORMULA( IFERROR( VALUE(REGEXREPLACE(TRIM(SPLIT(REGEXREPLACE(C25, ""[\[\]]"", """"), "","")), ""[^0-9.]"", """")), 0 ) ) ) )"),36044.0) -> 36044 | Q25: =IF(M25=0, 0, P25/M25) -> 5149.1429
A26: ID_VHVF5JN | B26: ['08-2017', '09-2017', '10-2017', '12-2017', '01-2018', '02-2018', '03-2018', '04-2018', '05-2018', '06-2018'] | C26: [2200.0, 1000.0, 200.0, 100.0, 40.0, 280.0, 500.0, 40.0, 500.0, 190.0] | D26: 5000 | E26: 40 | F26: 2000 | G26: 500 | H26: 1500 | I26: 2470 | J26: =SUM(D26:I26) -> 11510 | K26: =IFS( J26 <= 2000, "Low (<=2,000$ – Bottom ~25%)", J26 <= 4750, "Medium-Low (2,001–4,750$)", J26 <= 6630, "Medium-High (4,751–6,630$ – Top 50–75%)", TRUE, "High (>6,630$ – Top ~25%)" ) -> High (>6,630$ – Top ~25%) | L26: =IF(J26=0, "Default / High Risk", "Paid Something") -> Paid Something | M26: =IF(C26="", 0, LEN(C26) - LEN(SUBSTITUTE(C26, ",", "")) + 1) -> 10 | N26: =IFERROR(__xludf.DUMMYFUNCTION("IF(C26="""", 0, SUM(ARRAYFORMULA(IF(SPLIT(C26, "","")=""0"", 1, 0))))"),0.0) -> 0 | O26: =IF(C26="", "No History", IF(ISNUMBER(SEARCH(",0.0,", ","&C26&",")) + ISNUMBER(SEARCH(",0.0]", ","&C26&"]")) > 0, "Yes", "No")) -> No | P26: =IFERROR(__xludf.DUMMYFUNCTION("IF(C26="""", 0, SUM( ARRAYFORMULA( IFERROR( VALUE(REGEXREPLACE(TRIM(SPLIT(REGEXREPLACE(C26, ""[\[\]]"", """"), "","")), ""[^0-9.]"", """")), 0 ) ) ) )"),5050.0) -> 5050 | Q26: =IF(M26=0, 0, P26/M26) -> 505
A27: ID_B6G5XWG | B27: ['03-2018', '04-2018', '05-2018', '06-2018', '07-2018', '09-2018', '10-2018', '11-2018', '12-2018', '01-2019', '02-2019', '03-2019', '04-2019', '05-2019', '06-2019'] | C27: [4385.0, 2000.0, 1740.0, 915.0, 750.0, 100.0, 100.0, 100.0, 90.0, 200.0, 100.0, 200.0, 1300.0, 500.0, 5000.0] | D27: 5000 | E27: 4055 | F27: 1500 | G27: 2610 | H27: 2000 | I27: 604 | J27: =SUM(D27:I27) -> 15769 | K27: =IFS( J27 <= 2000, "Low (<=2,000$ – Bottom ~25%)", J27 <= 4750, "Medium-Low (2,001–4,750$)", J27 <= 6630, "Medium-High (4,751–6,630$ – Top 50–75%)", TRUE, "High (>6,630$ – Top ~25%)" ) -> High (>6,630$ – Top ~25%) | L27: =IF(J27=0, "Default / High Risk", "Paid Something") -> Paid Something | M27: =IF(C27="", 0, LEN(C27) - LEN(SUBSTITUTE(C27, ",", "")) + 1) -> 15 | N27: =IFERROR(__xludf.DUMMYFUNCTION("IF(C27="""", 0, SUM(ARRAYFORMULA(IF(SPLIT(C27, "","")=""0"", 1, 0))))"),0.0) -> 0 | O27: =IF(C27="", "No History", IF(ISNUMBER(SEARCH(",0.0,", ","&C27&",")) + ISNUMBER(SEARCH(",0.0]", ","&C27&"]")) > 0, "Yes", "No")) -> No | P27: =IFERROR(__xludf.DUMMYFUNCTION("IF(C27="""", 0, SUM( ARRAYFORMULA( IFERROR( VALUE(REGEXREPLACE(TRIM(SPLIT(REGEXREPLACE(C27, ""[\[\]]"", """"), "","")), ""[^0-9.]"", """")), 0 ) ) ) )"),17480.0) -> 17480 | Q27: =IF(M27=0, 0, P27/M27) -> 1165.3333
A28: ID_57M907H | B28: ['02-2018', '03-2018', '04-2018', '06-2018', '07-2018', '08-2018', '09-2018', '10-2018', '11-2018', '12-2018', '01-2019', '02-2019', '03-2019'] | C28: [6500.0, 3000.0, 5500.0, 3000.0, 2000.0, 1850.0, 2900.0, 3300.0, 3000.0, 2300.0, 2750.0, 2400.0, 2850.0] | D28: 4950 | E28: 1620 | F28: 2000 | G28: 2600 | H28: 2800 | I28: 1644 | J28: =SUM(D28:I28) -> 15614 | K28: =IFS( J28 <= 2000, "Low (<=2,000$ – Bottom ~25%)", J28 <= 4750, "Medium-Low (2,001–4,750$)", J28 <= 6630, "Medium-High (4,751–6,630$ – Top 50–75%)", TRUE, "High (>6,630$ – Top ~25%)" ) -> High (>6,630$ – Top ~25%) | L28: =IF(J28=0, "Default / High Risk", "Paid Something") -> Paid Something | M28: =IF(C28="", 0, LEN(C28) - LEN(SUBSTITUTE(C28, ",", "")) + 1) -> 13 | N28: =IFERROR(__xludf.DUMMYFUNCTION("IF(C28="""", 0, SUM(ARRAYFORMULA(IF(SPLIT(C28, "","")=""0"", 1, 0))))"),0.0) -> 0 | O28: =IF(C28="", "No History", IF(ISNUMBER(SEARCH(",0.0,", ","&C28&",")) + ISNUMBER(SEARCH(",0.0]", ","&C28&"]")) > 0, "Yes", "No")) -> No | P28: =IFERROR(__xludf.DUMMYFUNCTION("IF(C28="""", 0, SUM( ARRAYFORMULA( IFERROR( VALUE(REGEXREPLACE(TRIM(SPLIT(REGEXREPLACE(C28, ""[\[\]]"", """"), "","")), ""[^0-9.]"", """")), 0 ) ) ) )"),41350.0) -> 41350 | Q28: =IF(M28=0, 0, P28/M28) -> 3180.7692
A29: ID_LSS3OI1 | B29: ['04-2018', '05-2018', '07-2018', '08-2018', '09-2018', '10-2018', '11-2018', '12-2018', '01-2019', '02-2019', '03-2019'] | C29: [10490.0, 2090.0, 3840.0, 1260.0, 3900.0, 1610.0, 6475.0, 845.0, 2376.0, 3270.0, 1808.0] | D29: 4890 | E29: 1643 | F29: 4290 | G29: 4307 | H29: 1920 | I29: 1950 | J29: =SUM(D29:I29) -> 19000 | K29: =IFS( J29 <= 2000, "Low (<=2,000$ – Bottom ~25%)", J29 <= 4750, "Medium-Low (2,001–4,750$)", J29 <= 6630, "Medium-High (4,751–6,630$ – Top 50–75%)", TRUE, "High (>6,630$ – Top ~25%)" ) -> High (>6,630$ – Top ~25%) | L29: =IF(J29=0, "Default / High Risk", "Paid Something") -> Paid Something | M29: =IF(C29="", 0, LEN(C29) - LEN(SUBSTITUTE(C29, ",", "")) + 1) -> 11 | N29: =IFERROR(__xludf.DUMMYFUNCTION("IF(C29="""", 0, SUM(ARRAYFORMULA(IF(SPLIT(C29, "","")=""0"", 1, 0))))"),0.0) -> 0 | O29: =IF(C29="", "No History", IF(ISNUMBER(SEARCH(",0.0,", ","&C29&",")) + ISNUMBER(SEARCH(",0.0]", ","&C29&"]")) > 0, "Yes", "No")) -> No | P29: =IFERROR(__xludf.DUMMYFUNCTION("IF(C29="""", 0, SUM( ARRAYFORMULA( IFERROR( VALUE(REGEXREPLACE(TRIM(SPLIT(REGEXREPLACE(C29, ""[\[\]]"", """"), "","")), ""[^0-9.]"", """")), 0 ) ) ) )"),37964.0) -> 37964 | Q29: =IF(M29=0, 0, P29/M29) -> 3451.2727
A30: ID_JXHJ6FN | B30: ['01-2018', '02-2018', '03-2018', '04-2018', '07-2018', '08-2018', '09-2018', '10-2018', '11-2018', '01-2019', '02-2019'] | C30: [13000.0, 200.0, 1200.0, 1100.0, 2900.0, 1600.0, 2900.0, 5300.0, 3400.0, 3060.0, 4100.0] | D30: 4800 | E30: 3400 | F30: 1820 | G30: 2384 | H30: 4950 | I30: 850 | J30: =SUM(D30:I30) -> 18204 | K30: =IFS( J30 <= 2000, "Low (<=2,000$ – Bottom ~25%)", J30 <= 4750, "Medium-Low (2,001–4,750$)", J30 <= 6630, "Medium-High (4,751–6,630$ – Top 50–75%)", TRUE, "High (>6,630$ – Top ~25%)" ) -> High (>6,630$ – Top ~25%) | L30: =IF(J30=0, "Default / High Risk", "Paid Something") -> Paid Something | M30: =IF(C30="", 0, LEN(C30) - LEN(SUBSTITUTE(C30, ",", "")) + 1) -> 11 | N30: =IFERROR(__xludf.DUMMYFUNCTION("IF(C30="""", 0, SUM(ARRAYFORMULA(IF(SPLIT(C30, "","")=""0"", 1, 0))))"),0.0) -> 0 | O30: =IF(C30="", "No History", IF(ISNUMBER(SEARCH(",0.0,", ","&C30&",")) + ISNUMBER(SEARCH(",0.0]", ","&C30&"]")) > 0, "Yes", "No")) -> No | P30: =IFERROR(__xludf.DUMMYFUNCTION("IF(C30="""", 0, SUM( ARRAYFORMULA( IFERROR( VALUE(REGEXREPLACE(TRIM(SPLIT(REGEXREPLACE(C30, ""[\[\]]"", """"), "","")), ""[^0-9.]"", """")), 0 ) ) ) )"),38760.0) -> 38760 | Q30: =IF(M30=0, 0, P30/M30) -> 3523.6364
A31: ID_KGLRUBH | B31: ['01-2018', '02-2018', '03-2018', '04-2018', '05-2018', '06-2018', '07-2018', '09-2018', '12-2018', '01-2019'] | C31: [3000.0, 1340.0, 1700.0, 900.0, 2000.0, 1000.0, 2000.0, 5000.0, 500.0, 2000.0] | D31: 4700 | E31: 110 | F31: 2150 | G31: 1650 | H31: 3810 | I31: 1334 | J31: =SUM(D31:I31) -> 13754 | K31: =IFS( J31 <= 2000, "Low (<=2,000$ – Bottom ~25%)", J31 <= 4750, "Medium-Low (2,001–4,750$)", J31 <= 6630, "Medium-High (4,751–6,630$ – Top 50–75%)", TRUE, "High (>6,630$ – Top ~25%)" ) -> High (>6,630$ – Top ~25%) | L31: =IF(J31=0, "Default / High Risk", "Paid Something") -> Paid Something | M31: =IF(C31="", 0, LEN(C31) - LEN(SUBSTITUTE(C31, ",", "")) + 1) -> 10 | N31: =IFERROR(__xludf.DUMMYFUNCTION("IF(C31="""", 0, SUM(ARRAYFORMULA(IF(SPLIT(C31, "","")=""0"", 1, 0))))"),0.0) -> 0 | O31: =IF(C31="", "No History", IF(ISNUMBER(SEARCH(",0.0,", ","&C31&",")) + ISNUMBER(SEARCH(",0.0]", ","&C31&"]")) > 0, "Yes", "No")) -> No | P31: =IFERROR(__xludf.DUMMYFUNCTION("IF(C31="""", 0, SUM( ARRAYFORMULA( IFERROR( VALUE(REGEXREPLACE(TRIM(SPLIT(REGEXREPLACE(C31, ""[\[\]]"", """"), "","")), ""[^0-9.]"", """")), 0 ) ) ) )"),19440.0) -> 19440 | Q31: =IF(M31=0, 0, P31/M31) -> 1944
A32: ID_42ZPUHQ | B32: ['07-2017', '08-2017', '09-2017', '10-2017', '11-2017', '01-2018', '03-2018', '04-2018', '05-2018', '06-2018', '07-2018', '08-2018', '09-2018', '10-2018', '11-2018', '12-2018', '01-2019', '02-2019', '03-2019', '04-2019', '05-2019', '06-2019', '07-2019', '08-2019', '09-2019', '10-2019', '11-2019', '12-2019', '01-2020', '02-2020', '03-2020', '07-2020'] | C32: [2300.0, 880.0, 1140.0, 580.0, 80.0, 160.0, 280.0, 80.0, 40.0, 120.0, 40.0, 80.0, 80.0, 80.0, 100.0, 120.0, 120.0, 80.0, 80.0, 50.0, 80.0, 220.0, 480.0, 240.0, 10.0, 200.0, 80.0, 80.0, 80.0, 40.0, 80.0, 40.0] | D32: 4680 | E32: 1580 | F32: 180 | G32: 280 | H32: 160 | I32: 120 | J32: =SUM(D32:I32) -> 7000 | K32: =IFS( J32 <= 2000, "Low (<=2,000$ – Bottom ~25%)", J32 <= 4750, "Medium-Low (2,001–4,750$)", J32 <= 6630, "Medium-High (4,751–6,630$ – Top 50–75%)", TRUE, "High (>6,630$ – Top ~25%)" ) -> High (>6,630$ – Top ~25%) | L32: =IF(J32=0, "Default / High Risk", "Paid Something") -> Paid Something | M32: =IF(C32="", 0, LEN(C32) - LEN(SUBSTITUTE(C32, ",", "")) + 1) -> 32 | N32: =IFERROR(__xludf.DUMMYFUNCTION("IF(C32="""", 0, SUM(ARRAYFORMULA(IF(SPLIT(C32, "","")=""0"", 1, 0))))"),0.0) -> 0 | O32: =IF(C32="", "No History", IF(ISNUMBER(SEARCH(",0.0,", ","&C32&",")) + ISNUMBER(SEARCH(",0.0]", ","&C32&"]")) > 0, "Yes", "No")) -> No | P32: =IFERROR(__xludf.DUMMYFUNCTION("IF(C32="""", 0, SUM( ARRAYFORMULA( IFERROR( VALUE(REGEXREPLACE(TRIM(SPLIT(REGEXREPLACE(C32, ""[\[\]]"", """"), "","")), ""[^0-9.]"", """")), 0 ) ) ) )"),8120.0) -> 8120 | Q32: =IF(M32=0, 0, P32/M32) -> 253.75
A33: ID_MD6DS1G | B33: ['01-2020', '02-2020', '03-2020', '04-2020', '05-2020'] | C33: [2300.0, 1360.0, 880.0, 1080.0, 1089.0] | D33: 4530 | E33: 50 | F33: 50 | G33: 70 | H33: 1262 | I33: 130 | J33: =SUM(D33:I33) -> 6092 | K33: =IFS( J33 <= 2000, "Low (<=2,000$ – Bottom ~25%)", J33 <= 4750, "Medium-Low (2,001–4,750$)", J33 <= 6630, "Medium-High (4,751–6,630$ – Top 50–75%)", TRUE, "High (>6,630$ – Top ~25%)" ) -> Medium-High (4,751–6,630$ – Top 50–75%) | L33: =IF(J33=0, "Default / High Risk", "Paid Something") -> Paid Something | M33: =IF(C33="", 0, LEN(C33) - LEN(SUBSTITUTE(C33, ",", "")) + 1) -> 5 | N33: =IFERROR(__xludf.DUMMYFUNCTION("IF(C33="""", 0, SUM(ARRAYFORMULA(IF(SPLIT(C33, "","")=""0"", 1, 0))))"),0.0) -> 0 | O33: =IF(C33="", "No History", IF(ISNUMBER(SEARCH(",0.0,", ","&C33&",")) + ISNUMBER(SEARCH(",0.0]", ","&C33&"]")) > 0, "Yes", "No")) -> No | P33: =IFERROR(__xludf.DUMMYFUNCTION("IF(C33="""", 0, SUM( ARRAYFORMULA( IFERROR( VALUE(REGEXREPLACE(TRIM(SPLIT(REGEXREPLACE(C33, ""[\[\]]"", """"), "","")), ""[^0-9.]"", """")), 0 ) ) ) )"),6709.0) -> 6709 | Q33: =IF(M33=0, 0, P33/M33) -> 1341.8
A34: ID_TTHZCZN | B34: ['03-2018', '04-2018', '05-2018', '06-2018', '07-2018', '09-2018', '11-2018', '12-2018', '02-2019', '03-2019', '04-2019', '05-2019'] | C34: [2500.0, 2700.0, 1150.0, 2000.0, 1900.0, 2400.0, 1650.0, 2000.0, 2000.0, 2000.0, 1000.0, 1500.0] | D34: 4500 | E34: 700 | F34: 1500 | G34: 1000 | H34: 2220 | I34: 825 | J34: =SUM(D34:I34) -> 10745 | K34: =IFS( J34 <= 2000, "Low (<=2,000$ – Bottom ~25%)", J34 <= 4750, "Medium-Low (2,001–4,750$)", J34 <= 6630, "Medium-High (4,751–6,630$ – Top 50–75%)", TRUE, "High (>6,630$ – Top ~25%)" ) -> High (>6,630$ – Top ~25%) | L34: =IF(J34=0, "Default / High Risk", "Paid Something") -> Paid Something | M34: =IF(C34="", 0, LEN(C34) - LEN(SUBSTITUTE(C34, ",", "")) + 1) -> 12 | N34: =IFERROR(__xludf.DUMMYFUNCTION("IF(C34="""", 0, SUM(ARRAYFORMULA(IF(SPLIT(C34, "","")=""0"", 1, 0))))"),0.0) -> 0 | O34: =IF(C34="", "No History", IF(ISNUMBER(SEARCH(",0.0,", ","&C34&",")) + ISNUMBER(SEARCH(",0.0]", ","&C34&"]")) > 0, "Yes", "No")) -> No | P34: =IFERROR(__xludf.DUMMYFUNCTION("IF(C34="""", 0, SUM( ARRAYFORMULA( IFERROR( VALUE(REGEXREPLACE(TRIM(SPLIT(REGEXREPLACE(C34, ""[\[\]]"", """"), "","")), ""[^0-9.]"", """")), 0 ) ) ) )"),22800.0) -> 22800 | Q34: =IF(M34=0, 0, P34/M34) -> 1900
A35: ID_RMBBUQ8 | B35: ['04-2018', '05-2018', '06-2018', '09-2018', '12-2018'] | C35: [3275.0, 3500.0, 6000.0, 5000.0, 3000.0] | D35: 4500 | E35: 1650 | F35: 1900 | G35: 650 | H35: 2000 | I35: 1605 | J35: =SUM(D35:I35) -> 12305 | K35: =IFS( J35 <= 2000, "Low (<=2,000$ – Bottom ~25%)", J35 <= 4750, "Medium-Low (2,001–4,750$)", J35 <= 6630, "Medium-High (4,751–6,630$ – Top 50–75%)", TRUE, "High (>6,630$ – Top ~25%)" ) -> High (>6,630$ – Top ~25%) | L35: =IF(J35=0, "Default / High Risk", "Paid Something") -> Paid Something | M35: =IF(C35="", 0, LEN(C35) - LEN(SUBSTITUTE(C35, ",", "")) + 1) -> 5 | N35: =IFERROR(__xludf.DUMMYFUNCTION("IF(C35="""", 0, SUM(ARRAYFORMULA(IF(SPLIT(C35, "","")=""0"", 1, 0))))"),0.0) -> 0 | O35: =IF(C35="", "No History", IF(ISNUMBER(SEARCH(",0.0,", ","&C35&",")) + ISNUMBER(SEARCH(",0.0]", ","&C35&"]")) > 0, "Yes", "No")) -> No | P35: =IFERROR(__xludf.DUMMYFUNCTION("IF(C35="""", 0, SUM( ARRAYFORMULA( IFERROR( VALUE(REGEXREPLACE(TRIM(SPLIT(REGEXREPLACE(C35, ""[\[\]]"", """"), "","")), ""[^0-9.]"", """")), 0 ) ) ) )"),20775.0) -> 20775 | Q35: =IF(M35=0, 0, P35/M35) -> 4155
A36: ID_1K1SQNA | B36: ['04-2018', '05-2018', '06-2018', '08-2018', '09-2018'] | C36: [4000.0, 4000.0, 2000.0, 1000.0, 2500.0] | D36: 4500 | E36: 1500 | F36: 3900 | G36: 2000 | H36: 5680 | I36: 2000 | J36: =SUM(D36:I36) -> 19580 | K36: =IFS( J36 <= 2000, "Low (<=2,000$ – Bottom ~25%)", J36 <= 4750, "Medium-Low (2,001–4,750$)", J36 <= 6630, "Medium-High (4,751–6,630$ – Top 50–75%)", TRUE, "High (>6,630$ – Top ~25%)" ) -> High (>6,630$ – Top ~25%) | L36: =IF(J36=0, "Default / High Risk", "Paid Something") -> Paid Something | M36: =IF(C36="", 0, LEN(C36) - LEN(SUBSTITUTE(C36, ",", "")) + 1) -> 5 | N36: =IFERROR(__xludf.DUMMYFUNCTION("IF(C36="""", 0, SUM(ARRAYFORMULA(IF(SPLIT(C36, "","")=""0"", 1, 0))))"),0.0) -> 0 | O36: =IF(C36="", "No History", IF(ISNUMBER(SEARCH(",0.0,", ","&C36&",")) + ISNUMBER(SEARCH(",0.0]", ","&C36&"]")) > 0, "Yes", "No")) -> No | P36: =IFERROR(__xludf.DUMMYFUNCTION("IF(C36="""", 0, SUM( ARRAYFORMULA( IFERROR( VALUE(REGEXREPLACE(TRIM(SPLIT(REGEXREPLACE(C36, ""[\[\]]"", """"), "","")), ""[^0-9.]"", """")), 0 ) ) ) )"),13500.0) -> 13500 | Q36: =IF(M36=0, 0, P36/M36) -> 2700
A37: ID_I0HHIJY | B37: ['02-2018', '03-2018', '04-2018', '05-2018', '06-2018', '08-2018', '09-2018', '10-2018', '11-2018', '12-2018', '01-2019', '02-2019', '03-2019', '04-2019', '05-2019', '06-2019', '07-2019', '08-2019', '09-2019', '10-2019', '11-2019', '12-2019'] | C37: [3000.0, 1600.0, 1200.0, 800.0, 620.0, 220.0, 275.0, 1200.0, 1200.0, 165.0, 400.0, 330.0, 400.0, 660.0, 165.0, 730.0, 1130.0, 495.0, 1420.0, 1410.0, 2200.0, 55.0] | D37: 4410 | E37: 4200 | F37: 2000 | G37: 550 | H37: 510 | I37: 1740 | J37: =SUM(D37:I37) -> 13410 | K37: =IFS( J37 <= 2000, "Low (<=2,000$ – Bottom ~25%)", J37 <= 4750, "Medium-Low (2,001–4,750$)", J37 <= 6630, "Medium-High (4,751–6,630$ – Top 50–75%)", TRUE, "High (>6,630$ – Top ~25%)" ) -> High (>6,630$ – Top ~25%) | L37: =IF(J37=0, "Default / High Risk", "Paid Something") -> Paid Something | M37: =IF(C37="", 0, LEN(C37) - LEN(SUBSTITUTE(C37, ",", "")) + 1) -> 22 | N37: =IFERROR(__xludf.DUMMYFUNCTION("IF(C37="""", 0, SUM(ARRAYFORMULA(IF(SPLIT(C37, "","")=""0"", 1, 0))))"),0.0) -> 0 | O37: =IF(C37="", "No History", IF(ISNUMBER(SEARCH(",0.0,", ","&C37&",")) + ISNUMBER(SEARCH(",0.0]", ","&C37&"]")) > 0, "Yes", "No")) -> No | P37: =IFERROR(__xludf.DUMMYFUNCTION("IF(C37="""", 0, SUM( ARRAYFORMULA( IFERROR( VALUE(REGEXREPLACE(TRIM(SPLIT(REGEXREPLACE(C37, ""[\[\]]"", """"), "","")), ""[^0-9.]"", """")), 0 ) ) ) )"),19675.0) -> 19675 | Q37: =IF(M37=0, 0, P37/M37) -> 894.31818
A38: ID_SBG9SEF | B38: ['04-2018', '05-2018', '06-2018', '07-2018', '08-2018', '09-2018', '10-2018', '11-2018', '12-2018', '01-2019', '02-2019', '03-2019', '04-2019', '05-2019', '06-2019', '07-2019', '08-2019', '09-2019'] | C38: [9640.0, 955.0, 1550.0, 2300.0, 2495.0, 2755.0, 1860.0, 2350.0, 1945.0, 2280.0, 2158.0, 2390.0, 2535.0, 2292.0, 2447.0, 2820.0, 2590.0, 2370.0] | D38: 4400 | E38: 1500 | F38: 2270 | G38: 1062 | H38: 95 | I38: 245 | J38: =SUM(D38:I38) -> 9572 | K38: =IFS( J38 <= 2000, "Low (<=2,000$ – Bottom ~25%)", J38 <= 4750, "Medium-Low (2,001–4,750$)", J38 <= 6630, "Medium-High (4,751–6,630$ – Top 50–75%)", TRUE, "High (>6,630$ – Top ~25%)" ) -> High (>6,630$ – Top ~25%) | L38: =IF(J38=0, "Default / High Risk", "Paid Something") -> Paid Something | M38: =IF(C38="", 0, LEN(C38) - LEN(SUBSTITUTE(C38, ",", "")) + 1) -> 18 | N38: =IFERROR(__xludf.DUMMYFUNCTION("IF(C38="""", 0, SUM(ARRAYFORMULA(IF(SPLIT(C38, "","")=""0"", 1, 0))))"),0.0) -> 0 | O38: =IF(C38="", "No History", IF(ISNUMBER(SEARCH(",0.0,", ","&C38&",")) + ISNUMBER(SEARCH(",0.0]", ","&C38&"]")) > 0, "Yes", "No")) -> No | P38: =IFERROR(__xludf.DUMMYFUNCTION("IF(C38="""", 0, SUM( ARRAYFORMULA( IFERROR( VALUE(REGEXREPLACE(TRIM(SPLIT(REGEXREPLACE(C38, ""[\[\]]"", """"), "","")), ""[^0-9.]"", """")), 0 ) ) ) )"),47732.0) -> 47732 | Q38: =IF(M38=0, 0, P38/M38) -> 2651.7778
A39: ID_8YT8ULM | B39: ['03-2018', '04-2018', '05-2018', '06-2018', '07-2018', '08-2018', '09-2018', '10-2018', '11-2018', '12-2018', '01-2019'] | C39: [3050.0, 1705.0, 1045.0, 1705.0, 1760.0, 1966.0, 2750.0, 660.0, 2365.0, 1650.0, 2200.0] | D39: 4400 | E39: 2200 | F39: 2200 | G39: 1155 | H39: 2270 | I39: 219 | J39: =SUM(D39:I39) -> 12444 | K39: =IFS( J39 <= 2000, "Low (<=2,000$ – Bottom ~25%)", J39 <= 4750, "Medium-Low (2,001–4,750$)", J39 <= 6630, "Medium-High (4,751–6,630$ – Top 50–75%)", TRUE, "High (>6,630$ – Top ~25%)" ) -> High (>6,630$ – Top ~25%) | L39: =IF(J39=0, "Default / High Risk", "Paid Something") -> Paid Something | M39: =IF(C39="", 0, LEN(C39) - LEN(SUBSTITUTE(C39, ",", "")) + 1) -> 11 | N39: =IFERROR(__xludf.DUMMYFUNCTION("IF(C39="""", 0, SUM(ARRAYFORMULA(IF(SPLIT(C39, "","")=""0"", 1, 0))))"),0.0) -> 0 | O39: =IF(C39="", "No History", IF(ISNUMBER(SEARCH(",0.0,", ","&C39&",")) + ISNUMBER(SEARCH(",0.0]", ","&C39&"]")) > 0, "Yes", "No")) -> No | P39: =IFERROR(__xludf.DUMMYFUNCTION("IF(C39="""", 0, SUM( ARRAYFORMULA( IFERROR( VALUE(REGEXREPLACE(TRIM(SPLIT(REGEXREPLACE(C39, ""[\[\]]"", """"), "","")), ""[^0-9.]"", """")), 0 ) ) ) )"),20856.0) -> 20856 | Q39: =IF(M39=0, 0, P39/M39) -> 1896
A40: ID_LXXEIN9 | B40: ['04-2018', '08-2018', '10-2018', '11-2018', '12-2018', '01-2019', '02-2019', '03-2019', '04-2019', '05-2019', '06-2019', '07-2019'] | C40: [13000.0, 3000.0, 3000.0, 3000.0, 2000.0, 4000.0, 1000.0, 3300.0, 2000.0, 3600.0, 2100.0, 2500.0] | D40: 4305 | E40: 3000 | F40: 3110 | G40: 2100 | H40: 2385 | I40: 700 | J40: =SUM(D40:I40) -> 15600 | K40: =IFS( J40 <= 2000, "Low (<=2,000$ – Bottom ~25%)", J40 <= 4750, "Medium-Low (2,001–4,750$)", J40 <= 6630, "Medium-High (4,751–6,630$ – Top 50–75%)", TRUE, "High (>6,630$ – Top ~25%)" ) -> High (>6,630$ – Top ~25%) | L40: =IF(J40=0, "Default / High Risk", "Paid Something") -> Paid Something | M40: =IF(C40="", 0, LEN(C40) - LEN(SUBSTITUTE(C40, ",", "")) + 1) -> 12 | N40: =IFERROR(__xludf.DUMMYFUNCTION("IF(C40="""", 0, SUM(ARRAYFORMULA(IF(SPLIT(C40, "","")=""0"", 1, 0))))"),0.0) -> 0 | O40: =IF(C40="", "No History", IF(ISNUMBER(SEARCH(",0.0,", ","&C40&",")) + ISNUMBER(SEARCH(",0.0]", ","&C40&"]")) > 0, "Yes", "No")) -> No | P40: =IFERROR(__xludf.DUMMYFUNCTION("IF(C40="""", 0, SUM( ARRAYFORMULA( IFERROR( VALUE(REGEXREPLACE(TRIM(SPLIT(REGEXREPLACE(C40, ""[\[\]]"", """"), "","")), ""[^0-9.]"", """")), 0 ) ) ) )"),42500.0) -> 42500 | Q40: =IF(M40=0, 0, P40/M40) -> 3541.6667
A41: ID_N8C5MJH | B41: ['04-2018', '05-2018', '06-2018', '07-2018', '08-2018', '10-2018', '11-2018', '12-2018', '01-2019', '02-2019', '03-2019'] | C41: [4200.0, 1200.0, 2000.0, 2500.0, 2000.0, 3000.0, 200.0, 1830.0, 1700.0, 1500.0, 1000.0] | D41: 4000 | E41: 1000 | F41: 1000 | G41: 1500 | H41: 1550 | I41: 2900 | J41: =SUM(D41:I41) -> 11950 | K41: =IFS( J41 <= 2000, "Low (<=2,000$ – Bottom ~25%)", J41 <= 4750, "Medium-Low (2,001–4,750$)", J41 <= 6630, "Medium-High (4,751–6,630$ – Top 50–75%)", TRUE, "High (>6,630$ – Top ~25%)" ) -> High (>6,630$ – Top ~25%) | L41: =IF(J41=0, "Default / High Risk", "Paid Something") -> Paid Something | M41: =IF(C41="", 0, LEN(C41) - LEN(SUBSTITUTE(C41, ",", "")) + 1) -> 11 | N41: =IFERROR(__xludf.DUMMYFUNCTION("IF(C41="""", 0, SUM(ARRAYFORMULA(IF(SPLIT(C41, "","")=""0"", 1, 0))))"),0.0) -> 0 | O41: =IF(C41="", "No History", IF(ISNUMBER(SEARCH(",0.0,", ","&C41&",")) + ISNUMBER(SEARCH(",0.0]", ","&C41&"]")) > 0, "Yes", "No")) -> No | P41: =IFERROR(__xludf.DUMMYFUNCTION("IF(C41="""", 0, SUM( ARRAYFORMULA( IFERROR( VALUE(REGEXREPLACE(TRIM(SPLIT(REGEXREPLACE(C41, ""[\[\]]"", """"), "","")), ""[^0-9.]"", """")), 0 ) ) ) )"),21130.0) -> 21130 | Q41: =IF(M41=0, 0, P41/M41) -> 1920.9091
A42: ID_QMSWF4S | B42: ['04-2018', '05-2018', '08-2018', '10-2018', '11-2018', '12-2018', '01-2019', '02-2019', '03-2019', '04-2019', '05-2019', '06-2019', '07-2019'] | C42: [10000.0, 3000.0, 900.0, 4000.0, 1450.0, 4448.0, 1000.0, 3000.0, 1980.0, 2500.0, 3000.0, 3500.0, 1500.0] | D42: 4000 | E42: 4500 | F42: 900 | G42: 3150 | H42: 2000 | I42: 2132 | J42: =SUM(D42:I42) -> 16682 | K42: =IFS( J42 <= 2000, "Low (<=2,000$ – Bottom ~25%)", J42 <= 4750, "Medium-Low (2,001–4,750$)", J42 <= 6630, "Medium-High (4,751–6,630$ – Top 50–75%)", TRUE, "High (>6,630$ – Top ~25%)" ) -> High (>6,630$ – Top ~25%) | L42: =IF(J42=0, "Default / High Risk", "Paid Something") -> Paid Something | M42: =IF(C42="", 0, LEN(C42) - LEN(SUBSTITUTE(C42, ",", "")) + 1) -> 13 | N42: =IFERROR(__xludf.DUMMYFUNCTION("IF(C42="""", 0, SUM(ARRAYFORMULA(IF(SPLIT(C42, "","")=""0"", 1, 0))))"),0.0) -> 0 | O42: =IF(C42="", "No History", IF(ISNUMBER(SEARCH(",0.0,", ","&C42&",")) + ISNUMBER(SEARCH(",0.0]", ","&C42&"]")) > 0, "Yes", "No")) -> No | P42: =IFERROR(__xludf.DUMMYFUNCTION("IF(C42="""", 0, SUM( ARRAYFORMULA( IFERROR( VALUE(REGEXREPLACE(TRIM(SPLIT(REGEXREPLACE(C42, ""[\[\]]"", """"), "","")), ""[^0-9.]"", """")), 0 ) ) ) )"),40278.0) -> 40278 | Q42: =IF(M42=0, 0, P42/M42) -> 3098.3077
A43: ID_DPKMC4R | B43: ['02-2018', '03-2018', '04-2018', '05-2018', '07-2018'] | C43: [3000.0, 2000.0, 2000.0, 4000.0, 2000.0] | D43: 4000 | E43: 4000 | F43: 4000 | G43: 5000 | H43: 1000 | I43: 2084 | J43: =SUM(D43:I43) -> 20084 | K43: =IFS( J43 <= 2000, "Low (<=2,000$ – Bottom ~25%)", J43 <= 4750, "Medium-Low (2,001–4,750$)", J43 <= 6630, "Medium-High (4,751–6,630$ – Top 50–75%)", TRUE, "High (>6,630$ – Top ~25%)" ) -> High (>6,630$ – Top ~25%) | L43: =IF(J43=0, "Default / High Risk", "Paid Something") -> Paid Something | M43: =IF(C43="", 0, LEN(C43) - LEN(SUBSTITUTE(C43, ",", "")) + 1) -> 5 | N43: =IFERROR(__xludf.DUMMYFUNCTION("IF(C43="""", 0, SUM(ARRAYFORMULA(IF(SPLIT(C43, "","")=""0"", 1, 0))))"),0.0) -> 0 | O43: =IF(C43="", "No History", IF(ISNUMBER(SEARCH(",0.0,", ","&C43&",")) + ISNUMBER(SEARCH(",0.0]", ","&C43&"]")) > 0, "Yes", "No")) -> No | P43: =IFERROR(__xludf.DUMMYFUNCTION("IF(C43="""", 0, SUM( ARRAYFORMULA( IFERROR( VALUE(REGEXREPLACE(TRIM(SPLIT(REGEXREPLACE(C43, ""[\[\]]"", """"), "","")), ""[^0-9.]"", """")), 0 ) ) ) )"),13000.0) -> 13000 | Q43: =IF(M43=0, 0, P43/M43) -> 2600
A44: ID_TLOI4PI | B44: ['03-2018', '04-2018', '06-2018', '08-2018', '10-2018', '11-2018'] | C44: [13177.0, 3000.0, 1000.0, 3000.0, 1000.0, 4000.0] | D44: 4000 | E44: 4000 | F44: 12300 | G44: 2000 | H44: 6400 | I44: 3083 | J44: =SUM(D44:I44) -> 31783 | K44: =IFS( J44 <= 2000, "Low (<=2,000$ – Bottom ~25%)", J44 <= 4750, "Medium-Low (2,001–4,750$)", J44 <= 6630, "Medium-High (4,751–6,630$ – Top 50–75%)", TRUE, "High (>6,630$ – Top ~25%)" ) -> High (>6,630$ – Top ~25%) | L44: =IF(J44=0, "Default / High Risk", "Paid Something") -> Paid Something | M44: =IF(C44="", 0, LEN(C44) - LEN(SUBSTITUTE(C44, ",", "")) + 1) -> 6 | N44: =IFERROR(__xludf.DUMMYFUNCTION("IF(C44="""", 0, SUM(ARRAYFORMULA(IF(SPLIT(C44, "","")=""0"", 1, 0))))"),0.0) -> 0 | O44: =IF(C44="", "No History", IF(ISNUMBER(SEARCH(",0.0,", ","&C44&",")) + ISNUMBER(SEARCH(",0.0]", ","&C44&"]")) > 0, "Yes", "No")) -> No | P44: =IFERROR(__xludf.DUMMYFUNCTION("IF(C44="""", 0, SUM( ARRAYFORMULA( IFERROR( VALUE(REGEXREPLACE(TRIM(SPLIT(REGEXREPLACE(C44, ""[\[\]]"", """"), "","")), ""[^0-9.]"", """")), 0 ) ) ) )"),25177.0) -> 25177 | Q44: =IF(M44=0, 0, P44/M44) -> 4196.1667
A45: ID_CM5PZRS | B45: ['02-2018', '04-2018', '05-2018', '06-2018', '08-2018'] | C45: [6500.0, 2000.0, 1500.0, 5000.0, 1000.0] | D45: 4000 | E45: 1000 | F45: 4000 | G45: 4055 | H45: 2000 | I45: 2029 | J45: =SUM(D45:I45) -> 17084 | K45: =IFS( J45 <= 2000, "Low (<=2,000$ – Bottom ~25%)", J45 <= 4750, "Medium-Low (2,001–4,750$)", J45 <= 6630, "Medium-High (4,751–6,630$ – Top 50–75%)", TRUE, "High (>6,630$ – Top ~25%)" ) -> High (>6,630$ – Top ~25%) | L45: =IF(J45=0, "Default / High Risk", "Paid Something") -> Paid Something | M45: =IF(C45="", 0, LEN(C45) - LEN(SUBSTITUTE(C45, ",", "")) + 1) -> 5 | N45: =IFERROR(__xludf.DUMMYFUNCTION("IF(C45="""", 0, SUM(ARRAYFORMULA(IF(SPLIT(C45, "","")=""0"", 1, 0))))"),0.0) -> 0 | O45: =IF(C45="", "No History", IF(ISNUMBER(SEARCH(",0.0,", ","&C45&",")) + ISNUMBER(SEARCH(",0.0]", ","&C45&"]")) > 0, "Yes", "No")) -> No | P45: =IFERROR(__xludf.DUMMYFUNCTION("IF(C45="""", 0, SUM( ARRAYFORMULA( IFERROR( VALUE(REGEXREPLACE(TRIM(SPLIT(REGEXREPLACE(C45, ""[\[\]]"", """"), "","")), ""[^0-9.]"", """")), 0 ) ) ) )"),16000.0) -> 16000 | Q45: =IF(M45=0, 0, P45/M45) -> 3200
A46: ID_X4LZTMG | B46: ['03-2018', '06-2018', '07-2018', '08-2018', '09-2018'] | C46: [8000.0, 4000.0, 4000.0, 4000.0, 4000.0] | D46: 4000 | E46: 4000 | F46: 4000 | G46: 4000 | H46: 4000 | I46: 4000 | J46: =SUM(D46:I46) -> 24000 | K46: =IFS( J46 <= 2000, "Low (<=2,000$ – Bottom ~25%)", J46 <= 4750, "Medium-Low (2,001–4,750$)", J46 <= 6630, "Medium-High (4,751–6,630$ – Top 50–75%)", TRUE, "High (>6,630$ – Top ~25%)" ) -> High (>6,630$ – Top ~25%) | L46: =IF(J46=0, "Default / High Risk", "Paid Something") -> Paid Something | M46: =IF(C46="", 0, LEN(C46) - LEN(SUBSTITUTE(C46, ",", "")) + 1) -> 5 | N46: =IFERROR(__xludf.DUMMYFUNCTION("IF(C46="""", 0, SUM(ARRAYFORMULA(IF(SPLIT(C46, "","")=""0"", 1, 0))))"),0.0) -> 0 | O46: =IF(C46="", "No History", IF(ISNUMBER(SEARCH(",0.0,", ","&C46&",")) + ISNUMBER(SEARCH(",0.0]", ","&C46&"]")) > 0, "Yes", "No")) -> No | P46: =IFERROR(__xludf.DUMMYFUNCTION("IF(C46="""", 0, SUM( ARRAYFORMULA( IFERROR( VALUE(REGEXREPLACE(TRIM(SPLIT(REGEXREPLACE(C46, ""[\[\]]"", """"), "","")), ""[^0-9.]"", """")), 0 ) ) ) )"),24000.0) -> 24000 | Q46: =IF(M46=0, 0, P46/M46) -> 4800
A47: ID_F3HVUOH | B47: ['04-2018', '05-2018', '06-2018', '07-2018', '08-2018', '09-2018', '10-2018', '11-2018', '12-2018', '01-2019', '02-2019', '03-2019', '04-2019', '05-2019'] | C47: [6500.0, 4000.0, 2000.0, 2000.0, 4000.0, 2000.0, 4000.0, 2000.0, 2100.0, 3500.0, 2300.0, 3000.0, 2400.0, 2400.0] | D47: 4000 | E47: 2000 | F47: 4955 | G47: 2600 | H47: 1000 | I47: 1064 | J47: =SUM(D47:I47) -> 15619 | K47: =IFS( J47 <= 2000, "Low (<=2,000$ – Bottom ~25%)", J47 <= 4750, "Medium-Low (2,001–4,750$)", J47 <= 6630, "Medium-High (4,751–6,630$ – Top 50–75%)", TRUE, "High (>6,630$ – Top ~25%)" ) -> High (>6,630$ – Top ~25%) | L47: =IF(J47=0, "Default / High Risk", "Paid Something") -> Paid Something | M47: =IF(C47="", 0, LEN(C47) - LEN(SUBSTITUTE(C47, ",", "")) + 1) -> 14 | N47: =IFERROR(__xludf.DUMMYFUNCTION("IF(C47="""", 0, SUM(ARRAYFORMULA(IF(SPLIT(C47, "","")=""0"", 1, 0))))"),0.0) -> 0 | O47: =IF(C47="", "No History", IF(ISNUMBER(SEARCH(",0.0,", ","&C47&",")) + ISNUMBER(SEARCH(",0.0]", ","&C47&"]")) > 0, "Yes", "No")) -> No | P47: =IFERROR(__xludf.DUMMYFUNCTION("IF(C47="""", 0, SUM( ARRAYFORMULA( IFERROR( VALUE(REGEXREPLACE(TRIM(SPLIT(REGEXREPLACE(C47, ""[\[\]]"", """"), "","")), ""[^0-9.]"", """")), 0 ) ) ) )"),42200.0) -> 42200 | Q47: =IF(M47=0, 0, P47/M47) -> 3014.2857
A48: ID_CK9VEAR | B48: ['03-2018', '04-2018', '05-2018', '06-2018', '07-2018'] | C48: [4500.0, 1500.0, 1500.0, 1500.0, 3500.0] | D48: 4000 | E48: 4000 | F48: 4000 | G48: 2000 | H48: 3000 | I48: 3584 | J48: =SUM(D48:I48) -> 20584 | K48: =IFS( J48 <= 2000, "Low (<=2,000$ – Bottom ~25%)", J48 <= 4750, "Medium-Low (2,001–4,750$)", J48 <= 6630, "Medium-High (4,751–6,630$ – Top 50–75%)", TRUE, "High (>6,630$ – Top ~25%)" ) -> High (>6,630$ – Top ~25%) | L48: =IF(J48=0, "Default / High Risk", "Paid Something") -> Paid Something | M48: =IF(C48="", 0, LEN(C48) - LEN(SUBSTITUTE(C48, ",", "")) + 1) -> 5 | N48: =IFERROR(__xludf.DUMMYFUNCTION("IF(C48="""", 0, SUM(ARRAYFORMULA(IF(SPLIT(C48, "","")=""0"", 1, 0))))"),0.0) -> 0 | O48: =IF(C48="", "No History", IF(ISNUMBER(SEARCH(",0.0,", ","&C48&",")) + ISNUMBER(SEARCH(",0.0]", ","&C48&"]")) > 0, "Yes", "No")) -> No | P48: =IFERROR(__xludf.DUMMYFUNCTION("IF(C48="""", 0, SUM( ARRAYFORMULA( IFERROR( VALUE(REGEXREPLACE(TRIM(SPLIT(REGEXREPLACE(C48, ""[\[\]]"", """"), "","")), ""[^0-9.]"", """")), 0 ) ) ) )"),12500.0) -> 12500 | Q48: =IF(M48=0, 0, P48/M48) -> 2500
A49: ID_IITRON2 | B49: ['08-2017', '09-2017', '11-2017', '12-2017', '01-2018', '02-2018', '03-2018', '05-2018', '06-2018', '07-2018', '08-2018'] | C49: [9590.0, 90.0, 1000.0, 2610.0, 2700.0, 2500.0, 5240.0, 2450.0, 3550.0, 3000.0, 1000.0] | D49: 4000 | E49: 390 | F49: 2000 | G49: 2390 | H49: 5000 | I49: 5720 | J49: =SUM(D49:I49) -> 19500 | K49: =IFS( J49 <= 2000, "Low (<=2,000$ – Bottom ~25%)", J49 <= 4750, "Medium-Low (2,001–4,750$)", J49 <= 6630, "Medium-High (4,751–6,630$ – Top 50–75%)", TRUE, "High (>6,630$ – Top ~25%)" ) -> High (>6,630$ – Top ~25%) | L49: =IF(J49=0, "Default / High Risk", "Paid Something") -> Paid Something | M49: =IF(C49="", 0, LEN(C49) - LEN(SUBSTITUTE(C49, ",", "")) + 1) -> 11 | N49: =IFERROR(__xludf.DUMMYFUNCTION("IF(C49="""", 0, SUM(ARRAYFORMULA(IF(SPLIT(C49, "","")=""0"", 1, 0))))"),0.0) -> 0 | O49: =IF(C49="", "No History", IF(ISNUMBER(SEARCH(",0.0,", ","&C49&",")) + ISNUMBER(SEARCH(",0.0]", ","&C49&"]")) > 0, "Yes", "No")) -> No | P49: =IFERROR(__xludf.DUMMYFUNCTION("IF(C49="""", 0, SUM( ARRAYFORMULA( IFERROR( VALUE(REGEXREPLACE(TRIM(SPLIT(REGEXREPLACE(C49, ""[\[\]]"", """"), "","")), ""[^0-9.]"", """")), 0 ) ) ) )"),33730.0) -> 33730 | Q49: =IF(M49=0, 0, P49/M49) -> 3066.3636
A50: ID_NVXN7JY | B50: ['02-2018', '04-2018', '05-2018', '06-2018', '07-2018'] | C50: [8000.0, 4000.0, 4000.0, 4000.0, 4000.0] | D50: 4000 | E50: 4000 | F50: 4000 | G50: 4000 | H50: 4000 | I50: 4000 | J50: =SUM(D50:I50) -> 24000 | K50: =IFS( J50 <= 2000, "Low (<=2,000$ – Bottom ~25%)", J50 <= 4750, "Medium-Low (2,001–4,750$)", J50 <= 6630, "Medium-High (4,751–6,630$ – Top 50–75%)", TRUE, "High (>6,630$ – Top ~25%)" ) -> High (>6,630$ – Top ~25%) | L50: =IF(J50=0, "Default / High Risk", "Paid Something") -> Paid Something | M50: =IF(C50="", 0, LEN(C50) - LEN(SUBSTITUTE(C50, ",", "")) + 1) -> 5 | N50: =IFERROR(__xludf.DUMMYFUNCTION("IF(C50="""", 0, SUM(ARRAYFORMULA(IF(SPLIT(C50, "","")=""0"", 1, 0))))"),0.0) -> 0 | O50: =IF(C50="", "No History", IF(ISNUMBER(SEARCH(",0.0,", ","&C50&",")) + ISNUMBER(SEARCH(",0.0]", ","&C50&"]")) > 0, "Yes", "No")) -> No | P50: =IFERROR(__xludf.DUMMYFUNCTION("IF(C50="""", 0, SUM( ARRAYFORMULA( IFERROR( VALUE(REGEXREPLACE(TRIM(SPLIT(REGEXREPLACE(C50, ""[\[\]]"", """"), "","")), ""[^0-9.]"", """")), 0 ) ) ) )"),24000.0) -> 24000 | Q50: =IF(M50=0, 0, P50/M50) -> 4800
A51: ID_EHH6R1D | B51: ['02-2018', '03-2018', '05-2018', '09-2018', '11-2018', '12-2018', '01-2019'] | C51: [6500.0, 5000.0, 10000.0, 2000.0, 4000.0, 2000.0, 2000.0] | D51: 4000 | E51: 2000 | F51: 4000 | G51: 2000 | H51: 4000 | I51: 9939 | J51: =SUM(D51:I51) -> 25939 | K51: =IFS( J51 <= 2000, "Low (<=2,000$ – Bottom ~25%)", J51 <= 4750, "Medium-Low (2,001–4,750$)", J51 <= 6630, "Medium-High (4,751–6,630$ – Top 50–75%)", TRUE, "High (>6,630$ – Top ~25%)" ) -> High (>6,630$ – Top ~25%) | L51: =IF(J51=0, "Default / High Risk", "Paid Something") -> Paid Something | M51: =IF(C51="", 0, LEN(C51) - LEN(SUBSTITUTE(C51, ",", "")) + 1) -> 7 | N51: =IFERROR(__xludf.DUMMYFUNCTION("IF(C51="""", 0, SUM(ARRAYFORMULA(IF(SPLIT(C51, "","")=""0"", 1, 0))))"),0.0) -> 0 | O51: =IF(C51="", "No History", IF(ISNUMBER(SEARCH(",0.0,", ","&C51&",")) + ISNUMBER(SEARCH(",0.0]", ","&C51&"]")) > 0, "Yes", "No")) -> No | P51: =IFERROR(__xludf.DUMMYFUNCTION("IF(C51="""", 0, SUM( ARRAYFORMULA( IFERROR( VALUE(REGEXREPLACE(TRIM(SPLIT(REGEXREPLACE(C51, ""[\[\]]"", """"), "","")), ""[^0-9.]"", """")), 0 ) ) ) )"),31500.0) -> 31500 | Q51: =IF(M51=0, 0, P51/M51) -> 4500
A52: ID_LH5MQV4 | B52: ['04-2018', '05-2018', '06-2018', '07-2018', '08-2018', '09-2018', '10-2018', '11-2018', '12-2018', '01-2019', '02-2019', '03-2019', '04-2019', '05-2019', '06-2019', '07-2019'] | C52: [4500.0, 1800.0, 3100.0, 1200.0, 1000.0, 480.0, 2000.0, 500.0, 1020.0, 450.0, 1500.0, 1566.0, 1000.0, 1000.0, 2000.0, 1000.0] | D52: 3870 | E52: 1055 | F52: 1500 | G52: 350 | H52: 1450 | I52: 1014 | J52: =SUM(D52:I52) -> 9239 | K52: =IFS( J52 <= 2000, "Low (<=2,000$ – Bottom ~25%)", J52 <= 4750, "Medium-Low (2,001–4,750$)", J52 <= 6630, "Medium-High (4,751–6,630$ – Top 50–75%)", TRUE, "High (>6,630$ – Top ~25%)" ) -> High (>6,630$ – Top ~25%) | L52: =IF(J52=0, "Default / High Risk", "Paid Something") -> Paid Something | M52: =IF(C52="", 0, LEN(C52) - LEN(SUBSTITUTE(C52, ",", "")) + 1) -> 16 | N52: =IFERROR(__xludf.DUMMYFUNCTION("IF(C52="""", 0, SUM(ARRAYFORMULA(IF(SPLIT(C52, "","")=""0"", 1, 0))))"),0.0) -> 0 | O52: =IF(C52="", "No History", IF(ISNUMBER(SEARCH(",0.0,", ","&C52&",")) + ISNUMBER(SEARCH(",0.0]", ","&C52&"]")) > 0, "Yes", "No")) -> No | P52: =IFERROR(__xludf.DUMMYFUNCTION("IF(C52="""", 0, SUM( ARRAYFORMULA( IFERROR( VALUE(REGEXREPLACE(TRIM(SPLIT(REGEXREPLACE(C52, ""[\[\]]"", """"), "","")), ""[^0-9.]"", """")), 0 ) ) ) )"),24116.0) -> 24116 | Q52: =IF(M52=0, 0, P52/M52) -> 1507.25
A53: ID_B5FA9NV | B53: ['03-2018', '07-2018', '08-2018', '09-2018', '10-2018', '11-2018', '12-2018', '01-2019', '02-2019'] | C53: [9499.0, 2400.0, 660.0, 1615.0, 1420.0, 1690.0, 1675.0, 2230.0, 1100.0] | D53: 3800 | E53: 1100 | F53: 1320 | G53: 1675 | H53: 2900 | I53: 220 | J53: =SUM(D53:I53) -> 11015 | K53: =IFS( J53 <= 2000, "Low (<=2,000$ – Bottom ~25%)", J53 <= 4750, "Medium-Low (2,001–4,750$)", J53 <= 6630, "Medium-High (4,751–6,630$ – Top 50–75%)", TRUE, "High (>6,630$ – Top ~25%)" ) -> High (>6,630$ – Top ~25%) | L53: =IF(J53=0, "Default / High Risk", "Paid Something") -> Paid Something | M53: =IF(C53="", 0, LEN(C53) - LEN(SUBSTITUTE(C53, ",", "")) + 1) -> 9 | N53: =IFERROR(__xludf.DUMMYFUNCTION("IF(C53="""", 0, SUM(ARRAYFORMULA(IF(SPLIT(C53, "","")=""0"", 1, 0))))"),0.0) -> 0 | O53: =IF(C53="", "No History", IF(ISNUMBER(SEARCH(",0.0,", ","&C53&",")) + ISNUMBER(SEARCH(",0.0]", ","&C53&"]")) > 0, "Yes", "No")) -> No | P53: =IFERROR(__xludf.DUMMYFUNCTION("IF(C53="""", 0, SUM( ARRAYFORMULA( IFERROR( VALUE(REGEXREPLACE(TRIM(SPLIT(REGEXREPLACE(C53, ""[\[\]]"", """"), "","")), ""[^0-9.]"", """")), 0 ) ) ) )"),22289.0) -> 22289 | Q53: =IF(M53=0, 0, P53/M53) -> 2476.5556
A54: ID_LPR3ERZ | B54: ['03-2018', '04-2018', '05-2018', '06-2018', '07-2018', '08-2018', '09-2018', '10-2018', '11-2018', '12-2018', '01-2019', '02-2019', '03-2019', '04-2019', '05-2019', '06-2019', '07-2019'] | C54: [2665.0, 1430.0, 1460.0, 1210.0, 1235.0, 1625.0, 1400.0, 660.0, 845.0, 1230.0, 1660.0, 1120.0, 1510.0, 1280.0, 1600.0, 1385.0, 1650.0] | D54: 3705 | E54: 1150 | F54: 1300 | G54: 1255 | H54: 1745 | I54: 500 | J54: =SUM(D54:I54) -> 9655 | K54: =IFS( J54 <= 2000, "Low (<=2,000$ – Bottom ~25%)", J54 <= 4750, "Medium-Low (2,001–4,750$)", J54 <= 6630, "Medium-High (4,751–6,630$ – Top 50–75%)", TRUE, "High (>6,630$ – Top ~25%)" ) -> High (>6,630$ – Top ~25%) | L54: =IF(J54=0, "Default / High Risk", "Paid Something") -> Paid Something | M54: =IF(C54="", 0, LEN(C54) - LEN(SUBSTITUTE(C54, ",", "")) + 1) -> 17 | N54: =IFERROR(__xludf.DUMMYFUNCTION("IF(C54="""", 0, SUM(ARRAYFORMULA(IF(SPLIT(C54, "","")=""0"", 1, 0))))"),0.0) -> 0 | O54: =IF(C54="", "No History", IF(ISNUMBER(SEARCH(",0.0,", ","&C54&",")) + ISNUMBER(SEARCH(",0.0]", ","&C54&"]")) > 0, "Yes", "No")) -> No | P54: =IFERROR(__xludf.DUMMYFUNCTION("IF(C54="""", 0, SUM( ARRAYFORMULA( IFERROR( VALUE(REGEXREPLACE(TRIM(SPLIT(REGEXREPLACE(C54, ""[\[\]]"", """"), "","")), ""[^0-9.]"", """")), 0 ) ) ) )"),23965.0) -> 23965 | Q54: =IF(M54=0, 0, P54/M54) -> 1409.7059
A55: ID_R8F28D0 | B55: ['03-2018', '04-2018', '05-2018', '06-2018', '07-2018', '08-2018', '09-2018', '10-2018', '11-2018', '12-2018', '01-2019', '02-2019', '03-2019', '04-2019', '05-2019', '06-2019', '07-2019', '08-2019', '09-2019', '10-2019', '11-2019', '12-2019', '01-2020', '02-2020', '03-2020', '04-2020', '05-2020'] | C55: [3629.0, 1145.0, 1122.0, 440.0, 110.0, 885.0, 765.0, 465.0, 160.0, 220.0, 228.0, 125.0, 665.0, 170.0, 200.0, 500.0, 55.0, 990.0, 600.0, 1110.0, 800.0, 1299.0, 55.0, 405.0, 1960.0, 100.0, 2000.0] | D55: 3699 | E55: 999 | F55: 999 | G55: 4538 | H55: 55 | I55: 362 | J55: =SUM(D55:I55) -> 10652 | K55: =IFS( J55 <= 2000, "Low (<=2,000$ – Bottom ~25%)", J55 <= 4750, "Medium-Low (2,001–4,750$)", J55 <= 6630, "Medium-High (4,751–6,630$ – Top 50–75%)", TRUE, "High (>6,630$ – Top ~25%)" ) -> High (>6,630$ – Top ~25%) | L55: =IF(J55=0, "Default / High Risk", "Paid Something") -> Paid Something | M55: =IF(C55="", 0, LEN(C55) - LEN(SUBSTITUTE(C55, ",", "")) + 1) -> 27 | N55: =IFERROR(__xludf.DUMMYFUNCTION("IF(C55="""", 0, SUM(ARRAYFORMULA(IF(SPLIT(C55, "","")=""0"", 1, 0))))"),0.0) -> 0 | O55: =IF(C55="", "No History", IF(ISNUMBER(SEARCH(",0.0,", ","&C55&",")) + ISNUMBER(SEARCH(",0.0]", ","&C55&"]")) > 0, "Yes", "No")) -> No | P55: =IFERROR(__xludf.DUMMYFUNCTION("IF(C55="""", 0, SUM( ARRAYFORMULA( IFERROR( VALUE(REGEXREPLACE(TRIM(SPLIT(REGEXREPLACE(C55, ""[\[\]]"", """"), "","")), ""[^0-9.]"", """")), 0 ) ) ) )"),20203.0) -> 20203 | Q55: =IF(M55=0, 0, P55/M55) -> 748.25926
A56: ID_ZDI9ATU | B56: ['03-2018', '04-2018', '06-2018', '08-2018', '09-2018', '10-2018', '11-2018', '12-2018', '01-2019', '02-2019', '03-2019', '04-2019', '05-2019', '06-2019', '07-2019'] | C56: [4500.0, 1655.0, 1600.0, 1650.0, 1650.0, 600.0, 950.0, 550.0, 1570.0, 1000.0, 1970.0, 700.0, 2300.0, 1650.0, 1650.0] | D56: 3630 | E56: 950 | F56: 1870 | G56: 1040 | H56: 1100 | I56: 495 | J56: =SUM(D56:I56) -> 9085 | K56: =IFS( J56 <= 2000, "Low (<=2,000$ – Bottom ~25%)", J56 <= 4750, "Medium-Low (2,001–4,750$)", J56 <= 6630, "Medium-High (4,751–6,630$ – Top 50–75%)", TRUE, "High (>6,630$ – Top ~25%)" ) -> High (>6,630$ – Top ~25%) | L56: =IF(J56=0, "Default / High Risk", "Paid Something") -> Paid Something | M56: =IF(C56="", 0, LEN(C56) - LEN(SUBSTITUTE(C56, ",", "")) + 1) -> 15 | N56: =IFERROR(__xludf.DUMMYFUNCTION("IF(C56="""", 0, SUM(ARRAYFORMULA(IF(SPLIT(C56, "","")=""0"", 1, 0))))"),0.0) -> 0 | O56: =IF(C56="", "No History", IF(ISNUMBER(SEARCH(",0.0,", ","&C56&",")) + ISNUMBER(SEARCH(",0.0]", ","&C56&"]")) > 0, "Yes", "No")) -> No | P56: =IFERROR(__xludf.DUMMYFUNCTION("IF(C56="""", 0, SUM( ARRAYFORMULA( IFERROR( VALUE(REGEXREPLACE(TRIM(SPLIT(REGEXREPLACE(C56, ""[\[\]]"", """"), "","")), ""[^0-9.]"", """")), 0 ) ) ) )"),23995.0) -> 23995 | Q56: =IF(M56=0, 0, P56/M56) -> 1599.6667
A57: ID_3BL1XIO | B57: ['01-2020', '02-2020', '03-2020', '04-2020', '05-2020', '06-2020', '07-2020'] | C57: [3280.0, 1200.0, 1000.0, 1140.0, 1250.0, 240.0, 1070.0] | D57: 3620 | E57: 200 | F57: 340 | G57: 200 | H57: 450 | I57: 350 | J57: =SUM(D57:I57) -> 5160 | K57: =IFS( J57 <= 2000, "Low (<=2,000$ – Bottom ~25%)", J57 <= 4750, "Medium-Low (2,001–4,750$)", J57 <= 6630, "Medium-High (4,751–6,630$ – Top 50–75%)", TRUE, "High (>6,630$ – Top ~25%)" ) -> Medium-High (4,751–6,630$ – Top 50–75%) | L57: =IF(J57=0, "Default / High Risk", "Paid Something") -> Paid Something | M57: =IF(C57="", 0, LEN(C57) - LEN(SUBSTITUTE(C57, ",", "")) + 1) -> 7 | N57: =IFERROR(__xludf.DUMMYFUNCTION("IF(C57="""", 0, SUM(ARRAYFORMULA(IF(SPLIT(C57, "","")=""0"", 1, 0))))"),0.0) -> 0 | O57: =IF(C57="", "No History", IF(ISNUMBER(SEARCH(",0.0,", ","&C57&",")) + ISNUMBER(SEARCH(",0.0]", ","&C57&"]")) > 0, "Yes", "No")) -> No | P57: =IFERROR(__xludf.DUMMYFUNCTION("IF(C57="""", 0, SUM( ARRAYFORMULA( IFERROR( VALUE(REGEXREPLACE(TRIM(SPLIT(REGEXREPLACE(C57, ""[\[\]]"", """"), "","")), ""[^0-9.]"", """")), 0 ) ) ) )"),9180.0) -> 9180 | Q57: =IF(M57=0, 0, P57/M57) -> 1311.4286
A58: ID_CV8YXGE | B58: ['03-2018', '04-2018', '06-2018', '07-2018', '09-2018', '10-2018', '05-2019'] | C58: [8000.0, 3000.0, 2110.0, 5000.0, 3500.0, 19000.0, 1000.0] | D58: 3555 | E58: 1500 | F58: 4200 | G58: 1099 | H58: 3183 | I58: 1762 | J58: =SUM(D58:I58) -> 15299 | K58: =IFS( J58 <= 2000, "Low (<=2,000$ – Bottom ~25%)", J58 <= 4750, "Medium-Low (2,001–4,750$)", J58 <= 6630, "Medium-High (4,751–6,630$ – Top 50–75%)", TRUE, "High (>6,630$ – Top ~25%)" ) -> High (>6,630$ – Top ~25%) | L58: =IF(J58=0, "Default / High Risk", "Paid Something") -> Paid Something | M58: =IF(C58="", 0, LEN(C58) - LEN(SUBSTITUTE(C58, ",", "")) + 1) -> 7 | N58: =IFERROR(__xludf.DUMMYFUNCTION("IF(C58="""", 0, SUM(ARRAYFORMULA(IF(SPLIT(C58, "","")=""0"", 1, 0))))"),0.0) -> 0 | O58: =IF(C58="", "No History", IF(ISNUMBER(SEARCH(",0.0,", ","&C58&",")) + ISNUMBER(SEARCH(",0.0]", ","&C58&"]")) > 0, "Yes", "No")) -> No | P58: =IFERROR(__xludf.DUMMYFUNCTION("IF(C58="""", 0, SUM( ARRAYFORMULA( IFERROR( VALUE(REGEXREPLACE(TRIM(SPLIT(REGEXREPLACE(C58, ""[\[\]]"", """"), "","")), ""[^0-9.]"", """")), 0 ) ) ) )"),41610.0) -> 41610 | Q58: =IF(M58=0, 0, P58/M58) -> 5944.2857
A59: ID_8K8JVV7 | B59: ['03-2018', '05-2018', '06-2018', '07-2018', '08-2018', '09-2018', '10-2018', '11-2018', '12-2018', '01-2019', '02-2019', '03-2019', '04-2019', '05-2019', '06-2019', '07-2019', '08-2019', '09-2019', '10-2019', '11-2019', '12-2019', '01-2020', '02-2020', '03-2020', '04-2020'] | C59: [8000.0, 1370.0, 3470.0, 2190.0, 2000.0, 600.0, 1300.0, 90.0, 100.0, 1400.0, 1000.0, 2630.0, 1200.0, 2050.0, 1650.0, 840.0, 685.0, 685.0, 600.0, 1600.0, 900.0, 1600.0, 2000.0, 1600.0, 2900.0] | D59: 3550 | E59: 1500 | F59: 2685 | G59: 2400 | H59: 3585 | I59: 1069 | J59: =SUM(D59:I59) -> 14789 | K59: =IFS( J59 <= 2000, "Low (<=2,000$ – Bottom ~25%)", J59 <= 4750, "Medium-Low (2,001–4,750$)", J59 <= 6630, "Medium-High (4,751–6,630$ – Top 50–75%)", TRUE, "High (>6,630$ – Top ~25%)" ) -> High (>6,630$ – Top ~25%) | L59: =IF(J59=0, "Default / High Risk", "Paid Something") -> Paid Something | M59: =IF(C59="", 0, LEN(C59) - LEN(SUBSTITUTE(C59, ",", "")) + 1) -> 25 | N59: =IFERROR(__xludf.DUMMYFUNCTION("IF(C59="""", 0, SUM(ARRAYFORMULA(IF(SPLIT(C59, "","")=""0"", 1, 0))))"),0.0) -> 0 | O59: =IF(C59="", "No History", IF(ISNUMBER(SEARCH(",0.0,", ","&C59&",")) + ISNUMBER(SEARCH(",0.0]", ","&C59&"]")) > 0, "Yes", "No")) -> No | P59: =IFERROR(__xludf.DUMMYFUNCTION("IF(C59="""", 0, SUM( ARRAYFORMULA( IFERROR( VALUE(REGEXREPLACE(TRIM(SPLIT(REGEXREPLACE(C59, ""[\[\]]"", """"), "","")), ""[^0-9.]"", """")), 0 ) ) ) )"),42460.0) -> 42460 | Q59: =IF(M59=0, 0, P59/M59) -> 1698.4
A60: ID_08NOFSS | B60: ['03-2018', '04-2018', '06-2018', '07-2018', '08-2018', '09-2018', '10-2018', '11-2018', '12-2018', '01-2019', '02-2019'] | C60: [4150.0, 1650.0, 1650.0, 1650.0, 1650.0, 2950.0, 1650.0, 1650.0, 1650.0, 1650.0, 1000.0] | D60: 3550 | E60: 1300 | F60: 1650 | G60: 3005 | H60: 400 | I60: 1930 | J60: =SUM(D60:I60) -> 11835 | K60: =IFS( J60 <= 2000, "Low (<=2,000$ – Bottom ~25%)", J60 <= 4750, "Medium-Low (2,001–4,750$)", J60 <= 6630, "Medium-High (4,751–6,630$ – Top 50–75%)", TRUE, "High (>6,630$ – Top ~25%)" ) -> High (>6,630$ – Top ~25%) | L60: =IF(J60=0, "Default / High Risk", "Paid Something") -> Paid Something | M60: =IF(C60="", 0, LEN(C60) - LEN(SUBSTITUTE(C60, ",", "")) + 1) -> 11 | N60: =IFERROR(__xludf.DUMMYFUNCTION("IF(C60="""", 0, SUM(ARRAYFORMULA(IF(SPLIT(C60, "","")=""0"", 1, 0))))"),0.0) -> 0 | O60: =IF(C60="", "No History", IF(ISNUMBER(SEARCH(",0.0,", ","&C60&",")) + ISNUMBER(SEARCH(",0.0]", ","&C60&"]")) > 0, "Yes", "No")) -> No | P60: =IFERROR(__xludf.DUMMYFUNCTION("IF(C60="""", 0, SUM( ARRAYFORMULA( IFERROR( VALUE(REGEXREPLACE(TRIM(SPLIT(REGEXREPLACE(C60, ""[\[\]]"", """"), "","")), ""[^0-9.]"", """")), 0 ) ) ) )"),21300.0) -> 21300 | Q60: =IF(M60=0, 0, P60/M60) -> 1936.3636
A61: ID_3D6IGKV | B61: ['03-2018', '04-2018', '05-2018', '06-2018', '07-2018', '08-2018', '09-2018', '10-2018', '11-2018', '12-2018', '01-2019', '02-2019', '03-2019', '04-2019', '05-2019', '06-2019', '07-2019', '08-2019', '09-2019'] | C61: [2600.0, 1520.0, 1550.0, 1435.0, 1160.0, 1355.0, 1125.0, 1295.0, 960.0, 310.0, 265.0, 875.0, 860.0, 1110.0, 1540.0, 1485.0, 1565.0, 1575.0, 1530.0] | D61: 3550 | E61: 1040 | F61: 1410 | G61: 1210 | H61: 1085 | I61: 715 | J61: =SUM(D61:I61) -> 9010 | K61: =IFS( J61 <= 2000, "Low (<=2,000$ – Bottom ~25%)", J61 <= 4750, "Medium-Low (2,001–4,750$)", J61 <= 6630, "Medium-High (4,751–6,630$ – Top 50–75%)", TRUE, "High (>6,630$ – Top ~25%)" ) -> High (>6,630$ – Top ~25%) | L61: =IF(J61=0, "Default / High Risk", "Paid Something") -> Paid Something | M61: =IF(C61="", 0, LEN(C61) - LEN(SUBSTITUTE(C61, ",", "")) + 1) -> 19 | N61: =IFERROR(__xludf.DUMMYFUNCTION("IF(C61="""", 0, SUM(ARRAYFORMULA(IF(SPLIT(C61, "","")=""0"", 1, 0))))"),0.0) -> 0 | O61: =IF(C61="", "No History", IF(ISNUMBER(SEARCH(",0.0,", ","&C61&",")) + ISNUMBER(SEARCH(",0.0]", ","&C61&"]")) > 0, "Yes", "No")) -> No | P61: =IFERROR(__xludf.DUMMYFUNCTION("IF(C61="""", 0, SUM( ARRAYFORMULA( IFERROR( VALUE(REGEXREPLACE(TRIM(SPLIT(REGEXREPLACE(C61, ""[\[\]]"", """"), "","")), ""[^0-9.]"", """")), 0 ) ) ) )"),24115.0) -> 24115 | Q61: =IF(M61=0, 0, P61/M61) -> 1269.2105
A62: ID_A9TDJTX | B62: ['04-2018', '05-2018', '06-2018', '08-2018', '09-2018', '10-2018', '11-2018', '12-2018', '01-2019', '02-2019', '03-2019', '04-2019', '05-2019', '06-2019', '07-2019', '08-2019', '09-2019', '10-2019', '11-2019', '12-2019', '01-2020', '02-2020'] | C62: [3655.0, 1140.0, 385.0, 1000.0, 55.0, 275.0, 405.0, 55.0, 605.0, 330.0, 165.0, 495.0, 500.0, 495.0, 165.0, 990.0, 1650.0, 550.0, 1650.0, 1815.0, 1915.0, 1650.0] | D62: 3520 | E62: 1650 | F62: 440 | G62: 2475 | H62: 2200 | I62: 3235 | J62: =SUM(D62:I62) -> 13520 | K62: =IFS( J62 <= 2000, "Low (<=2,000$ – Bottom ~25%)", J62 <= 4750, "Medium-Low (2,001–4,750$)", J62 <= 6630, "Medium-High (4,751–6,630$ – Top 50–75%)", TRUE, "High (>6,630$ – Top ~25%)" ) -> High (>6,630$ – Top ~25%) | L62: =IF(J62=0, "Default / High Risk", "Paid Something") -> Paid Something | M62: =IF(C62="", 0, LEN(C62) - LEN(SUBSTITUTE(C62, ",", "")) + 1) -> 22 | N62: =IFERROR(__xludf.DUMMYFUNCTION("IF(C62="""", 0, SUM(ARRAYFORMULA(IF(SPLIT(C62, "","")=""0"", 1, 0))))"),0.0) -> 0 | O62: =IF(C62="", "No History", IF(ISNUMBER(SEARCH(",0.0,", ","&C62&",")) + ISNUMBER(SEARCH(",0.0]", ","&C62&"]")) > 0, "Yes", "No")) -> No | P62: =IFERROR(__xludf.DUMMYFUNCTION("IF(C62="""", 0, SUM( ARRAYFORMULA( IFERROR( VALUE(REGEXREPLACE(TRIM(SPLIT(REGEXREPLACE(C62, ""[\[\]]"", """"), "","")), ""[^0-9.]"", """")), 0 ) ) ) )"),19945.0) -> 19945 | Q62: =IF(M62=0, 0, P62/M62) -> 906.59091
A63: ID_ZWPGB4U | B63: ['03-2018', '04-2018', '05-2018', '06-2018', '07-2018', '08-2018', '09-2018', '10-2018', '11-2018', '12-2018', '01-2019', '02-2019', '03-2019', '04-2019', '05-2019', '06-2019', '07-2019'] | C63: [3400.0, 1700.0, 1611.0, 1300.0, 200.0, 1610.0, 1150.0, 1400.0, 1200.0, 800.0, 1250.0, 1650.0, 1600.0, 1750.0, 400.0, 1100.0, 500.0] | D63: 3500 | E63: 1400 | F63: 2050 | G63: 700 | H63: 1230 | I63: 1583 | J63: =SUM(D63:I63) -> 10463 | K63: =IFS( J63 <= 2000, "Low (<=2,000$ – Bottom ~25%)", J63 <= 4750, "Medium-Low (2,001–4,750$)", J63 <= 6630, "Medium-High (4,751–6,630$ – Top 50–75%)", TRUE, "High (>6,630$ – Top ~25%)" ) -> High (>6,630$ – Top ~25%) | L63: =IF(J63=0, "Default / High Risk", "Paid Something") -> Paid Something | M63: =IF(C63="", 0, LEN(C63) - LEN(SUBSTITUTE(C63, ",", "")) + 1) -> 17 | N63: =IFERROR(__xludf.DUMMYFUNCTION("IF(C63="""", 0, SUM(ARRAYFORMULA(IF(SPLIT(C63, "","")=""0"", 1, 0))))"),0.0) -> 0 | O63: =IF(C63="", "No History", IF(ISNUMBER(SEARCH(",0.0,", ","&C63&",")) + ISNUMBER(SEARCH(",0.0]", ","&C63&"]")) > 0, "Yes", "No")) -> No | P63: =IFERROR(__xludf.DUMMYFUNCTION("IF(C63="""", 0, SUM( ARRAYFORMULA( IFERROR( VALUE(REGEXREPLACE(TRIM(SPLIT(REGEXREPLACE(C63, ""[\[\]]"", """"), "","")), ""[^0-9.]"", """")), 0 ) ) ) )"),22621.0) -> 22621 | Q63: =IF(M63=0, 0, P63/M63) -> 1330.6471
A64: ID_82T4RHW | B64: ['02-2018', '06-2018', '07-2018', '08-2018', '09-2018', '10-2018', '11-2018', '12-2018', '01-2019', '02-2019'] | C64: [13000.0, 2400.0, 2850.0, 2450.0, 2235.0, 2950.0, 3000.0, 2600.0, 3200.0, 2900.0] | D64: 3500 | E64: 2800 | F64: 2000 | G64: 2250 | H64: 4800 | I64: 4029 | J64: =SUM(D64:I64) -> 19379 | K64: =IFS( J64 <= 2000, "Low (<=2,000$ – Bottom ~25%)", J64 <= 4750, "Medium-Low (2,001–4,750$)", J64 <= 6630, "Medium-High (4,751–6,630$ – Top 50–75%)", TRUE, "High (>6,630$ – Top ~25%)" ) -> High (>6,630$ – Top ~25%) | L64: =IF(J64=0, "Default / High Risk", "Paid Something") -> Paid Something | M64: =IF(C64="", 0, LEN(C64) - LEN(SUBSTITUTE(C64, ",", "")) + 1) -> 10 | N64: =IFERROR(__xludf.DUMMYFUNCTION("IF(C64="""", 0, SUM(ARRAYFORMULA(IF(SPLIT(C64, "","")=""0"", 1, 0))))"),0.0) -> 0 | O64: =IF(C64="", "No History", IF(ISNUMBER(SEARCH(",0.0,", ","&C64&",")) + ISNUMBER(SEARCH(",0.0]", ","&C64&"]")) > 0, "Yes", "No")) -> No | P64: =IFERROR(__xludf.DUMMYFUNCTION("IF(C64="""", 0, SUM( ARRAYFORMULA( IFERROR( VALUE(REGEXREPLACE(TRIM(SPLIT(REGEXREPLACE(C64, ""[\[\]]"", """"), "","")), ""[^0-9.]"", """")), 0 ) ) ) )"),37585.0) -> 37585 | Q64: =IF(M64=0, 0, P64/M64) -> 3758.5
A65: ID_OG0RKJX | B65: ['03-2018', '04-2018', '05-2018', '07-2018', '08-2018', '09-2018', '10-2018', '11-2018', '12-2018', '01-2019', '03-2019'] | C65: [2500.0, 770.0, 1980.0, 2310.0, 1650.0, 165.0, 2585.0, 990.0, 385.0, 2915.0, 2915.0] | D65: 3465 | E65: 1320 | F65: 3245 | G65: 2035 | H65: 2365 | I65: 1815 | J65: =SUM(D65:I65) -> 14245 | K65: =IFS( J65 <= 2000, "Low (<=2,000$ – Bottom ~25%)", J65 <= 4750, "Medium-Low (2,001–4,750$)", J65 <= 6630, "Medium-High (4,751–6,630$ – Top 50–75%)", TRUE, "High (>6,630$ – Top ~25%)" ) -> High (>6,630$ – Top ~25%) | L65: =IF(J65=0, "Default / High Risk", "Paid Something") -> Paid Something | M65: =IF(C65="", 0, LEN(C65) - LEN(SUBSTITUTE(C65, ",", "")) + 1) -> 11 | N65: =IFERROR(__xludf.DUMMYFUNCTION("IF(C65="""", 0, SUM(ARRAYFORMULA(IF(SPLIT(C65, "","")=""0"", 1, 0))))"),0.0) -> 0 | O65: =IF(C65="", "No History", IF(ISNUMBER(SEARCH(",0.0,", ","&C65&",")) + ISNUMBER(SEARCH(",0.0]", ","&C65&"]")) > 0, "Yes", "No")) -> No | P65: =IFERROR(__xludf.DUMMYFUNCTION("IF(C65="""", 0, SUM( ARRAYFORMULA( IFERROR( VALUE(REGEXREPLACE(TRIM(SPLIT(REGEXREPLACE(C65, ""[\[\]]"", """"), "","")), ""[^0-9.]"", """")), 0 ) ) ) )"),19165.0) -> 19165 | Q65: =IF(M65=0, 0, P65/M65) -> 1742.2727
A66: ID_H62UF5Z | B66: ['04-2018', '05-2018', '06-2018', '07-2018', '08-2018', '09-2018', '10-2018', '11-2018', '12-2018', '01-2019', '02-2019', '03-2019', '04-2019', '07-2019', '08-2019', '10-2019', '11-2019', '12-2019', '02-2020', '03-2020', '04-2020', '05-2020'] | C66: [3720.0, 100.0, 55.0, 100.0, 1298.0, 1580.0, 1330.0, 1251.0, 1416.0, 55.0, 100.0, 770.0, 215.0, 55.0, 1350.0, 175.0, 1977.0, 1090.0, 55.0, 1006.0, 2747.0, 200.0] | D66: 3465 | E66: 1505 | F66: 979 | G66: 455 | H66: 1031 | I66: 400 | J66: =SUM(D66:I66) -> 7835 | K66: =IFS( J66 <= 2000, "Low (<=2,000$ – Bottom ~25%)", J66 <= 4750, "Medium-Low (2,001–4,750$)", J66 <= 6630, "Medium-High (4,751–6,630$ – Top 50–75%)", TRUE, "High (>6,630$ – Top ~25%)" ) -> High (>6,630$ – Top ~25%) | L66: =IF(J66=0, "Default / High Risk", "Paid Something") -> Paid Something | M66: =IF(C66="", 0, LEN(C66) - LEN(SUBSTITUTE(C66, ",", "")) + 1) -> 22 | N66: =IFERROR(__xludf.DUMMYFUNCTION("IF(C66="""", 0, SUM(ARRAYFORMULA(IF(SPLIT(C66, "","")=""0"", 1, 0))))"),0.0) -> 0 | O66: =IF(C66="", "No History", IF(ISNUMBER(SEARCH(",0.0,", ","&C66&",")) + ISNUMBER(SEARCH(",0.0]", ","&C66&"]")) > 0, "Yes", "No")) -> No | P66: =IFERROR(__xludf.DUMMYFUNCTION("IF(C66="""", 0, SUM( ARRAYFORMULA( IFERROR( VALUE(REGEXREPLACE(TRIM(SPLIT(REGEXREPLACE(C66, ""[\[\]]"", """"), "","")), ""[^0-9.]"", """")), 0 ) ) ) )"),20645.0) -> 20645 | Q66: =IF(M66=0, 0, P66/M66) -> 938.40909
A67: ID_PY4RTC5 | B67: ['04-2018', '07-2018', '08-2018', '09-2018', '10-2018', '11-2018', '12-2018', '01-2019', '02-2019', '03-2019', '04-2019', '05-2019', '06-2019', '07-2019'] | C67: [8000.0, 1800.0, 2000.0, 1950.0, 3800.0, 1900.0, 2850.0, 2850.0, 2850.0, 2850.0, 2850.0, 2850.0, 2850.0, 2375.0] | D67: 3420 | E67: 2615 | F67: 2850 | G67: 2850 | H67: 2754 | I67: 700 | J67: =SUM(D67:I67) -> 15189 | K67: =IFS( J67 <= 2000, "Low (<=2,000$ – Bottom ~25%)", J67 <= 4750, "Medium-Low (2,001–4,750$)", J67 <= 6630, "Medium-High (4,751–6,630$ – Top 50–75%)", TRUE, "High (>6,630$ – Top ~25%)" ) -> High (>6,630$ – Top ~25%) | L67: =IF(J67=0, "Default / High Risk", "Paid Something") -> Paid Something | M67: =IF(C67="", 0, LEN(C67) - LEN(SUBSTITUTE(C67, ",", "")) + 1) -> 14 | N67: =IFERROR(__xludf.DUMMYFUNCTION("IF(C67="""", 0, SUM(ARRAYFORMULA(IF(SPLIT(C67, "","")=""0"", 1, 0))))"),0.0) -> 0 | O67: =IF(C67="", "No History", IF(ISNUMBER(SEARCH(",0.0,", ","&C67&",")) + ISNUMBER(SEARCH(",0.0]", ","&C67&"]")) > 0, "Yes", "No")) -> No | P67: =IFERROR(__xludf.DUMMYFUNCTION("IF(C67="""", 0, SUM( ARRAYFORMULA( IFERROR( VALUE(REGEXREPLACE(TRIM(SPLIT(REGEXREPLACE(C67, ""[\[\]]"", """"), "","")), ""[^0-9.]"", """")), 0 ) ) ) )"),41775.0) -> 41775 | Q67: =IF(M67=0, 0, P67/M67) -> 2983.9286
A68: ID_3MFIA1L | B68: ['04-2018', '05-2018', '06-2018', '07-2018', '08-2018', '10-2018', '11-2018', '12-2018', '01-2019'] | C68: [4205.0, 2365.0, 1705.0, 1705.0, 1705.0, 1705.0, 1705.0, 1705.0, 2530.0] | D68: 3410 | E68: 3410 | F68: 2094 | G68: 1706 | H68: 1705 | I68: 1425 | J68: =SUM(D68:I68) -> 13750 | K68: =IFS( J68 <= 2000, "Low (<=2,000$ – Bottom ~25%)", J68 <= 4750, "Medium-Low (2,001–4,750$)", J68 <= 6630, "Medium-High (4,751–6,630$ – Top 50–75%)", TRUE, "High (>6,630$ – Top ~25%)" ) -> High (>6,630$ – Top ~25%) | L68: =IF(J68=0, "Default / High Risk", "Paid Something") -> Paid Something | M68: =IF(C68="", 0, LEN(C68) - LEN(SUBSTITUTE(C68, ",", "")) + 1) -> 9 | N68: =IFERROR(__xludf.DUMMYFUNCTION("IF(C68="""", 0, SUM(ARRAYFORMULA(IF(SPLIT(C68, "","")=""0"", 1, 0))))"),0.0) -> 0 | O68: =IF(C68="", "No History", IF(ISNUMBER(SEARCH(",0.0,", ","&C68&",")) + ISNUMBER(SEARCH(",0.0]", ","&C68&"]")) > 0, "Yes", "No")) -> No | P68: =IFERROR(__xludf.DUMMYFUNCTION("IF(C68="""", 0, SUM( ARRAYFORMULA( IFERROR( VALUE(REGEXREPLACE(TRIM(SPLIT(REGEXREPLACE(C68, ""[\[\]]"", """"), "","")), ""[^0-9.]"", """")), 0 ) ) ) )"),19330.0) -> 19330 | Q68: =IF(M68=0, 0, P68/M68) -> 2147.7778
A69: ID_I54D4G0 | B69: ['03-2018', '04-2018', '05-2018', '06-2018', '07-2018', '08-2018', '09-2018', '10-2018', '11-2018', '12-2018', '01-2019', '02-2019', '03-2019'] | C69: [4514.0, 2135.0, 1100.0, 2761.0, 55.0, 1730.0, 905.0, 1830.0, 1555.0, 1500.0, 2230.0, 800.0, 1485.0] | D69: 3400 | E69: 800 | F69: 1200 | G69: 1100 | H69: 1900 | I69: 2084 | J69: =SUM(D69:I69) -> 10484 | K69: =IFS( J69 <= 2000, "Low (<=2,000$ – Bottom ~25%)", J69 <= 4750, "Medium-Low (2,001–4,750$)", J69 <= 6630, "Medium-High (4,751–6,630$ – Top 50–75%)", TRUE, "High (>6,630$ – Top ~25%)" ) -> High (>6,630$ – Top ~25%) | L69: =IF(J69=0, "Default / High Risk", "Paid Something") -> Paid Something | M69: =IF(C69="", 0, LEN(C69) - LEN(SUBSTITUTE(C69, ",", "")) + 1) -> 13 | N69: =IFERROR(__xludf.DUMMYFUNCTION("IF(C69="""", 0, SUM(ARRAYFORMULA(IF(SPLIT(C69, "","")=""0"", 1, 0))))"),0.0) -> 0 | O69: =IF(C69="", "No History", IF(ISNUMBER(SEARCH(",0.0,", ","&C69&",")) + ISNUMBER(SEARCH(",0.0]", ","&C69&"]")) > 0, "Yes", "No")) -> No | P69: =IFERROR(__xludf.DUMMYFUNCTION("IF(C69="""", 0, SUM( ARRAYFORMULA( IFERROR( VALUE(REGEXREPLACE(TRIM(SPLIT(REGEXREPLACE(C69, ""[\[\]]"", """"), "","")), ""[^0-9.]"", """")), 0 ) ) ) )"),22600.0) -> 22600 | Q69: =IF(M69=0, 0, P69/M69) -> 1738.4615
A70: ID_9EHQA8N | B70: ['04-2018', '05-2018', '06-2018', '07-2018', '08-2018', '09-2018', '10-2018', '11-2018', '12-2018', '01-2019', '02-2019', '03-2019', '04-2019', '05-2019', '06-2019', '07-2019', '08-2019'] | C70: [6000.0, 1865.0, 2400.0, 2650.0, 1805.0, 2895.0, 2100.0, 2570.0, 2140.0, 2300.0, 2150.0, 1985.0, 2195.0, 2050.0, 2300.0, 2399.0, 2400.0] | D70: 3400 | E70: 1800 | F70: 2300 | G70: 3150 | H70: 2600 | I70: 1510 | J70: =SUM(D70:I70) -> 14760 | K70: =IFS( J70 <= 2000, "Low (<=2,000$ – Bottom ~25%)", J70 <= 4750, "Medium-Low (2,001–4,750$)", J70 <= 6630, "Medium-High (4,751–6,630$ – Top 50–75%)", TRUE, "High (>6,630$ – Top ~25%)" ) -> High (>6,630$ – Top ~25%) | L70: =IF(J70=0, "Default / High Risk", "Paid Something") -> Paid Something | M70: =IF(C70="", 0, LEN(C70) - LEN(SUBSTITUTE(C70, ",", "")) + 1) -> 17 | N70: =IFERROR(__xludf.DUMMYFUNCTION("IF(C70="""", 0, SUM(ARRAYFORMULA(IF(SPLIT(C70, "","")=""0"", 1, 0))))"),0.0) -> 0 | O70: =IF(C70="", "No History", IF(ISNUMBER(SEARCH(",0.0,", ","&C70&",")) + ISNUMBER(SEARCH(",0.0]", ","&C70&"]")) > 0, "Yes", "No")) -> No | P70: =IFERROR(__xludf.DUMMYFUNCTION("IF(C70="""", 0, SUM( ARRAYFORMULA( IFERROR( VALUE(REGEXREPLACE(TRIM(SPLIT(REGEXREPLACE(C70, ""[\[\]]"", """"), "","")), ""[^0-9.]"", """")), 0 ) ) ) )"),42204.0) -> 42204 | Q70: =IF(M70=0, 0, P70/M70) -> 2482.5882
A71: ID_K3Y2DCL | B71: ['04-2018', '05-2018', '06-2018', '08-2018', '09-2018', '10-2018', '12-2018', '02-2019', '03-2019', '04-2019', '05-2019', '06-2019', '07-2019', '08-2019', '09-2019', '10-2019', '11-2019'] | C71: [2500.0, 2000.0, 2000.0, 2000.0, 1400.0, 1500.0, 1070.0, 860.0, 1450.0, 555.0, 750.0, 2000.0, 1500.0, 1000.0, 1745.0, 1500.0, 1000.0] | D71: 3365 | E71: 250 | F71: 350 | G71: 950 | H71: 2500 | I71: 1000 | J71: =SUM(D71:I71) -> 8415 | K71: =IFS( J71 <= 2000, "Low (<=2,000$ – Bottom ~25%)", J71 <= 4750, "Medium-Low (2,001–4,750$)", J71 <= 6630, "Medium-High (4,751–6,630$ – Top 50–75%)", TRUE, "High (>6,630$ – Top ~25%)" ) -> High (>6,630$ – Top ~25%) | L71: =IF(J71=0, "Default / High Risk", "Paid Something") -> Paid Something | M71: =IF(C71="", 0, LEN(C71) - LEN(SUBSTITUTE(C71, ",", "")) + 1) -> 17 | N71: =IFERROR(__xludf.DUMMYFUNCTION("IF(C71="""", 0, SUM(ARRAYFORMULA(IF(SPLIT(C71, "","")=""0"", 1, 0))))"),0.0) -> 0 | O71: =IF(C71="", "No History", IF(ISNUMBER(SEARCH(",0.0,", ","&C71&",")) + ISNUMBER(SEARCH(",0.0]", ","&C71&"]")) > 0, "Yes", "No")) -> No | P71: =IFERROR(__xludf.DUMMYFUNCTION("IF(C71="""", 0, SUM( ARRAYFORMULA( IFERROR( VALUE(REGEXREPLACE(TRIM(SPLIT(REGEXREPLACE(C71, ""[\[\]]"", """"), "","")), ""[^0-9.]"", """")), 0 ) ) ) )"),24830.0) -> 24830 | Q71: =IF(M71=0, 0, P71/M71) -> 1460.5882
A72: ID_IR3KQRS | B72: ['04-2018', '05-2018', '06-2018', '07-2018', '08-2018', '09-2018', '10-2018', '12-2018', '01-2019', '02-2019', '03-2019', '04-2019'] | C72: [3550.0, 2530.0, 2010.0, 2000.0, 1590.0, 1400.0, 2150.0, 1500.0, 1500.0, 1500.0, 1500.0, 1000.0] | D72: 3365 | E72: 1500 | F72: 1600 | G72: 1900 | H72: 1885 | I72: 600 | J72: =SUM(D72:I72) -> 10850 | K72: =IFS( J72 <= 2000, "Low (<=2,000$ – Bottom ~25%)", J72 <= 4750, "Medium-Low (2,001–4,750$)", J72 <= 6630, "Medium-High (4,751–6,630$ – Top 50–75%)", TRUE, "High (>6,630$ – Top ~25%)" ) -> High (>6,630$ – Top ~25%) | L72: =IF(J72=0, "Default / High Risk", "Paid Something") -> Paid Something | M72: =IF(C72="", 0, LEN(C72) - LEN(SUBSTITUTE(C72, ",", "")) + 1) -> 12 | N72: =IFERROR(__xludf.DUMMYFUNCTION("IF(C72="""", 0, SUM(ARRAYFORMULA(IF(SPLIT(C72, "","")=""0"", 1, 0))))"),0.0) -> 0 | O72: =IF(C72="", "No History", IF(ISNUMBER(SEARCH(",0.0,", ","&C72&",")) + ISNUMBER(SEARCH(",0.0]", ","&C72&"]")) > 0, "Yes", "No")) -> No | P72: =IFERROR(__xludf.DUMMYFUNCTION("IF(C72="""", 0, SUM( ARRAYFORMULA( IFERROR( VALUE(REGEXREPLACE(TRIM(SPLIT(REGEXREPLACE(C72, ""[\[\]]"", """"), "","")), ""[^0-9.]"", """")), 0 ) ) ) )"),22230.0) -> 22230 | Q72: =IF(M72=0, 0, P72/M72) -> 1852.5
A73: ID_OCVU3N4 | B73: ['02-2018', '03-2018', '04-2018', '05-2018', '06-2018', '07-2018', '08-2018', '09-2018', '10-2018', '11-2018', '12-2018', '01-2019', '02-2019'] | C73: [7400.0, 1800.0, 2300.0, 2850.0, 2350.0, 3000.0, 2500.0, 2650.0, 2850.0, 2685.0, 3050.0, 3145.0, 2300.0] | D73: 3345 | E73: 2100 | F73: 3800 | G73: 1805 | H73: 2850 | I73: 4250 | J73: =SUM(D73:I73) -> 18150 | K73: =IFS( J73 <= 2000, "Low (<=2,000$ – Bottom ~25%)", J73 <= 4750, "Medium-Low (2,001–4,750$)", J73 <= 6630, "Medium-High (4,751–6,630$ – Top 50–75%)", TRUE, "High (>6,630$ – Top ~25%)" ) -> High (>6,630$ – Top ~25%) | L73: =IF(J73=0, "Default / High Risk", "Paid Something") -> Paid Something | M73: =IF(C73="", 0, LEN(C73) - LEN(SUBSTITUTE(C73, ",", "")) + 1) -> 13 | N73: =IFERROR(__xludf.DUMMYFUNCTION("IF(C73="""", 0, SUM(ARRAYFORMULA(IF(SPLIT(C73, "","")=""0"", 1, 0))))"),0.0) -> 0 | O73: =IF(C73="", "No History", IF(ISNUMBER(SEARCH(",0.0,", ","&C73&",")) + ISNUMBER(SEARCH(",0.0]", ","&C73&"]")) > 0, "Yes", "No")) -> No | P73: =IFERROR(__xludf.DUMMYFUNCTION("IF(C73="""", 0, SUM( ARRAYFORMULA( IFERROR( VALUE(REGEXREPLACE(TRIM(SPLIT(REGEXREPLACE(C73, ""[\[\]]"", """"), "","")), ""[^0-9.]"", """")), 0 ) ) ) )"),38880.0) -> 38880 | Q73: =IF(M73=0, 0, P73/M73) -> 2990.7692
A74: ID_GLITQME | B74: ['10-2017', '11-2017', '12-2017', '03-2018', '04-2018', '05-2018'] | C74: [2000.0, 560.0, 2560.0, 1000.0, 560.0, 2400.0] | D74: 3340 | E74: 280 | F74: 2000 | G74: 1000 | H74: 560 | I74: 300 | J74: =SUM(D74:I74) -> 7480 | K74: =IFS( J74 <= 2000, "Low (<=2,000$ – Bottom ~25%)", J74 <= 4750, "Medium-Low (2,001–4,750$)", J74 <= 6630, "Medium-High (4,751–6,630$ – Top 50–75%)", TRUE, "High (>6,630$ – Top ~25%)" ) -> High (>6,630$ – Top ~25%) | L74: =IF(J74=0, "Default / High Risk", "Paid Something") -> Paid Something | M74: =IF(C74="", 0, LEN(C74) - LEN(SUBSTITUTE(C74, ",", "")) + 1) -> 6 | N74: =IFERROR(__xludf.DUMMYFUNCTION("IF(C74="""", 0, SUM(ARRAYFORMULA(IF(SPLIT(C74, "","")=""0"", 1, 0))))"),0.0) -> 0 | O74: =IF(C74="", "No History", IF(ISNUMBER(SEARCH(",0.0,", ","&C74&",")) + ISNUMBER(SEARCH(",0.0]", ","&C74&"]")) > 0, "Yes", "No")) -> No | P74: =IFERROR(__xludf.DUMMYFUNCTION("IF(C74="""", 0, SUM( ARRAYFORMULA( IFERROR( VALUE(REGEXREPLACE(TRIM(SPLIT(REGEXREPLACE(C74, ""[\[\]]"", """"), "","")), ""[^0-9.]"", """")), 0 ) ) ) )"),9080.0) -> 9080 | Q74: =IF(M74=0, 0, P74/M74) -> 1513.3333
A75: ID_XBOY6S3 | B75: ['08-2017', '09-2017', '11-2017', '02-2018', '05-2018', '06-2018', '07-2018', '08-2018', '09-2018', '10-2018', '11-2018', '12-2018'] | C75: [16000.0, 2000.0, 90.0, 1000.0, 700.0, 3510.0, 1350.0, 3820.0, 1450.0, 4230.0, 1430.0, 2410.0] | D75: 3320 | E75: 2060 | F75: 2430 | G75: 2500 | H75: 3030 | I75: 1900 | J75: =SUM(D75:I75) -> 15240 | K75: =IFS( J75 <= 2000, "Low (<=2,000$ – Bottom ~25%)", J75 <= 4750, "Medium-Low (2,001–4,750$)", J75 <= 6630, "Medium-High (4,751–6,630$ – Top 50–75%)", TRUE, "High (>6,630$ – Top ~25%)" ) -> High (>6,630$ – Top ~25%) | L75: =IF(J75=0, "Default / High Risk", "Paid Something") -> Paid Something | M75: =IF(C75="", 0, LEN(C75) - LEN(SUBSTITUTE(C75, ",", "")) + 1) -> 12 | N75: =IFERROR(__xludf.DUMMYFUNCTION("IF(C75="""", 0, SUM(ARRAYFORMULA(IF(SPLIT(C75, "","")=""0"", 1, 0))))"),0.0) -> 0 | O75: =IF(C75="", "No History", IF(ISNUMBER(SEARCH(",0.0,", ","&C75&",")) + ISNUMBER(SEARCH(",0.0]", ","&C75&"]")) > 0, "Yes", "No")) -> No | P75: =IFERROR(__xludf.DUMMYFUNCTION("IF(C75="""", 0, SUM( ARRAYFORMULA( IFERROR( VALUE(REGEXREPLACE(TRIM(SPLIT(REGEXREPLACE(C75, ""[\[\]]"", """"), "","")), ""[^0-9.]"", """")), 0 ) ) ) )"),37990.0) -> 37990 | Q75: =IF(M75=0, 0, P75/M75) -> 3165.8333
A76: ID_ZWXVSVX | B76: ['02-2018', '03-2018', '04-2018', '07-2018', '08-2018', '09-2018', '10-2018', '11-2018', '01-2019'] | C76: [3900.0, 1650.0, 5005.0, 1650.0, 990.0, 1980.0, 2530.0, 2530.0, 1980.0] | D76: 3300 | E76: 1650 | F76: 1980 | G76: 550 | H76: 1650 | I76: 1739 | J76: =SUM(D76:I76) -> 10869 | K76: =IFS( J76 <= 2000, "Low (<=2,000$ – Bottom ~25%)", J76 <= 4750, "Medium-Low (2,001–4,750$)", J76 <= 6630, "Medium-High (4,751–6,630$ – Top 50–75%)", TRUE, "High (>6,630$ – Top ~25%)" ) -> High (>6,630$ – Top ~25%) | L76: =IF(J76=0, "Default / High Risk", "Paid Something") -> Paid Something | M76: =IF(C76="", 0, LEN(C76) - LEN(SUBSTITUTE(C76, ",", "")) + 1) -> 9 | N76: =IFERROR(__xludf.DUMMYFUNCTION("IF(C76="""", 0, SUM(ARRAYFORMULA(IF(SPLIT(C76, "","")=""0"", 1, 0))))"),0.0) -> 0 | O76: =IF(C76="", "No History", IF(ISNUMBER(SEARCH(",0.0,", ","&C76&",")) + ISNUMBER(SEARCH(",0.0]", ","&C76&"]")) > 0, "Yes", "No")) -> No | P76: =IFERROR(__xludf.DUMMYFUNCTION("IF(C76="""", 0, SUM( ARRAYFORMULA( IFERROR( VALUE(REGEXREPLACE(TRIM(SPLIT(REGEXREPLACE(C76, ""[\[\]]"", """"), "","")), ""[^0-9.]"", """")), 0 ) ) ) )"),22215.0) -> 22215 | Q76: =IF(M76=0, 0, P76/M76) -> 2468.3333
A77: ID_ERBBC9I | B77: ['04-2018', '05-2018', '06-2018', '08-2018', '10-2018', '11-2018', '12-2018', '02-2019'] | C77: [4150.0, 1650.0, 1650.0, 3300.0, 1650.0, 3300.0, 1650.0, 1650.0] | D77: 3300 | E77: 1650 | F77: 1650 | G77: 1650 | H77: 4125 | I77: 1980 | J77: =SUM(D77:I77) -> 14355 | K77: =IFS( J77 <= 2000, "Low (<=2,000$ – Bottom ~25%)", J77 <= 4750, "Medium-Low (2,001–4,750$)", J77 <= 6630, "Medium-High (4,751–6,630$ – Top 50–75%)", TRUE, "High (>6,630$ – Top ~25%)" ) -> High (>6,630$ – Top ~25%) | L77: =IF(J77=0, "Default / High Risk", "Paid Something") -> Paid Something | M77: =IF(C77="", 0, LEN(C77) - LEN(SUBSTITUTE(C77, ",", "")) + 1) -> 8 | N77: =IFERROR(__xludf.DUMMYFUNCTION("IF(C77="""", 0, SUM(ARRAYFORMULA(IF(SPLIT(C77, "","")=""0"", 1, 0))))"),0.0) -> 0 | O77: =IF(C77="", "No History", IF(ISNUMBER(SEARCH(",0.0,", ","&C77&",")) + ISNUMBER(SEARCH(",0.0]", ","&C77&"]")) > 0, "Yes", "No")) -> No | P77: =IFERROR(__xludf.DUMMYFUNCTION("IF(C77="""", 0, SUM( ARRAYFORMULA( IFERROR( VALUE(REGEXREPLACE(TRIM(SPLIT(REGEXREPLACE(C77, ""[\[\]]"", """"), "","")), ""[^0-9.]"", """")), 0 ) ) ) )"),19000.0) -> 19000 | Q77: =IF(M77=0, 0, P77/M77) -> 2375
A78: ID_PHBS5W9 | B78: ['03-2018', '04-2018', '05-2018', '06-2018', '07-2018', '08-2018', '09-2018', '10-2018', '11-2018', '12-2018', '01-2019', '02-2019', '03-2019', '04-2019'] | C78: [7030.0, 1872.0, 2982.0, 3090.0, 2600.0, 2050.0, 2860.0, 3700.0, 1800.0, 2800.0, 3530.0, 2300.0, 2400.0, 3000.0] | D78: 3300 | E78: 2450 | F78: 2350 | G78: 3800 | H78: 1900 | I78: 1150 | J78: =SUM(D78:I78) -> 14950 | K78: =IFS( J78 <= 2000, "Low (<=2,000$ – Bottom ~25%)", J78 <= 4750, "Medium-Low (2,001–4,750$)", J78 <= 6630, "Medium-High (4,751–6,630$ – Top 50–75%)", TRUE, "High (>6,630$ – Top ~25%)" ) -> High (>6,630$ – Top ~25%) | L78: =IF(J78=0, "Default / High Risk", "Paid Something") -> Paid Something | M78: =IF(C78="", 0, LEN(C78) - LEN(SUBSTITUTE(C78, ",", "")) + 1) -> 14 | N78: =IFERROR(__xludf.DUMMYFUNCTION("IF(C78="""", 0, SUM(ARRAYFORMULA(IF(SPLIT(C78, "","")=""0"", 1, 0))))"),0.0) -> 0 | O78: =IF(C78="", "No History", IF(ISNUMBER(SEARCH(",0.0,", ","&C78&",")) + ISNUMBER(SEARCH(",0.0]", ","&C78&"]")) > 0, "Yes", "No")) -> No | P78: =IFERROR(__xludf.DUMMYFUNCTION("IF(C78="""", 0, SUM( ARRAYFORMULA( IFERROR( VALUE(REGEXREPLACE(TRIM(SPLIT(REGEXREPLACE(C78, ""[\[\]]"", """"), "","")), ""[^0-9.]"", """")), 0 ) ) ) )"),42014.0) -> 42014 | Q78: =IF(M78=0, 0, P78/M78) -> 3001
A79: ID_U5JR8RH | B79: ['03-2018', '04-2018', '06-2018', '07-2018', '09-2018', '10-2018', '11-2018', '12-2018'] | C79: [4649.0, 2475.0, 2000.0, 1000.0, 1400.0, 500.0, 1200.0, 1650.0] | D79: 3300 | E79: 1650 | F79: 2000 | G79: 2500 | H79: 650 | I79: 8110 | J79: =SUM(D79:I79) -> 18210 | K79: =IFS( J79 <= 2000, "Low (<=2,000$ – Bottom ~25%)", J79 <= 4750, "Medium-Low (2,001–4,750$)", J79 <= 6630, "Medium-High (4,751–6,630$ – Top 50–75%)", TRUE, "High (>6,630$ – Top ~25%)" ) -> High (>6,630$ – Top ~25%) | L79: =IF(J79=0, "Default / High Risk", "Paid Something") -> Paid Something | M79: =IF(C79="", 0, LEN(C79) - LEN(SUBSTITUTE(C79, ",", "")) + 1) -> 8 | N79: =IFERROR(__xludf.DUMMYFUNCTION("IF(C79="""", 0, SUM(ARRAYFORMULA(IF(SPLIT(C79, "","")=""0"", 1, 0))))"),0.0) -> 0 | O79: =IF(C79="", "No History", IF(ISNUMBER(SEARCH(",0.0,", ","&C79&",")) + ISNUMBER(SEARCH(",0.0]", ","&C79&"]")) > 0, "Yes", "No")) -> No | P79: =IFERROR(__xludf.DUMMYFUNCTION("IF(C79="""", 0, SUM( ARRAYFORMULA( IFERROR( VALUE(REGEXREPLACE(TRIM(SPLIT(REGEXREPLACE(C79, ""[\[\]]"", """"), "","")), ""[^0-9.]"", """")), 0 ) ) ) )"),14874.0) -> 14874 | Q79: =IF(M79=0, 0, P79/M79) -> 1859.25
A80: ID_4K3X72P | B80: ['03-2018', '04-2018', '05-2018', '06-2018', '07-2018', '08-2018'] | C80: [4055.0, 1400.0, 1100.0, 1969.0, 1650.0, 1650.0] | D80: 3300 | E80: 1760 | F80: 1650 | G80: 4380 | H80: 5310 | I80: 4856 | J80: =SUM(D80:I80) -> 21256 | K80: =IFS( J80 <= 2000, "Low (<=2,000$ – Bottom ~25%)", J80 <= 4750, "Medium-Low (2,001–4,750$)", J80 <= 6630, "Medium-High (4,751–6,630$ – Top 50–75%)", TRUE, "High (>6,630$ – Top ~25%)" ) -> High (>6,630$ – Top ~25%) | L80: =IF(J80=0, "Default / High Risk", "Paid Something") -> Paid Something | M80: =IF(C80="", 0, LEN(C80) - LEN(SUBSTITUTE(C80, ",", "")) + 1) -> 6 | N80: =IFERROR(__xludf.DUMMYFUNCTION("IF(C80="""", 0, SUM(ARRAYFORMULA(IF(SPLIT(C80, "","")=""0"", 1, 0))))"),0.0) -> 0 | O80: =IF(C80="", "No History", IF(ISNUMBER(SEARCH(",0.0,", ","&C80&",")) + ISNUMBER(SEARCH(",0.0]", ","&C80&"]")) > 0, "Yes", "No")) -> No | P80: =IFERROR(__xludf.DUMMYFUNCTION("IF(C80="""", 0, SUM( ARRAYFORMULA( IFERROR( VALUE(REGEXREPLACE(TRIM(SPLIT(REGEXREPLACE(C80, ""[\[\]]"", """"), "","")), ""[^0-9.]"", """")), 0 ) ) ) )"),11824.0) -> 11824 | Q80: =IF(M80=0, 0, P80/M80) -> 1970.6667
A81: ID_OX0313B | B81: ['01-2020', '02-2020', '03-2020', '04-2020', '05-2020'] | C81: [4100.0, 564.0, 650.0, 986.0, 1500.0] | D81: 3245 | E81: 440 | F81: 821 | G81: 592 | H81: 654 | I81: 1358 | J81: =SUM(D81:I81) -> 7110 | K81: =IFS( J81 <= 2000, "Low (<=2,000$ – Bottom ~25%)", J81 <= 4750, "Medium-Low (2,001–4,750$)", J81 <= 6630, "Medium-High (4,751–6,630$ – Top 50–75%)", TRUE, "High (>6,630$ – Top ~25%)" ) -> High (>6,630$ – Top ~25%) | L81: =IF(J81=0, "Default / High Risk", "Paid Something") -> Paid Something | M81: =IF(C81="", 0, LEN(C81) - LEN(SUBSTITUTE(C81, ",", "")) + 1) -> 5 | N81: =IFERROR(__xludf.DUMMYFUNCTION("IF(C81="""", 0, SUM(ARRAYFORMULA(IF(SPLIT(C81, "","")=""0"", 1, 0))))"),0.0) -> 0 | O81: =IF(C81="", "No History", IF(ISNUMBER(SEARCH(",0.0,", ","&C81&",")) + ISNUMBER(SEARCH(",0.0]", ","&C81&"]")) > 0, "Yes", "No")) -> No | P81: =IFERROR(__xludf.DUMMYFUNCTION("IF(C81="""", 0, SUM( ARRAYFORMULA( IFERROR( VALUE(REGEXREPLACE(TRIM(SPLIT(REGEXREPLACE(C81, ""[\[\]]"", """"), "","")), ""[^0-9.]"", """")), 0 ) ) ) )"),7800.0) -> 7800 | Q81: =IF(M81=0, 0, P81/M81) -> 1560
A82: ID_91A222W | B82: ['04-2018', '05-2018', '06-2018', '07-2018', '08-2018', '09-2018', '10-2018', '11-2018', '12-2018', '01-2019', '02-2019', '03-2019', '04-2019', '05-2019', '06-2019', '07-2019', '08-2019', '09-2019', '10-2019', '11-2019', '12-2019', '01-2020', '02-2020'] | C82: [2950.0, 1830.0, 450.0, 800.0, 400.0, 200.0, 450.0, 200.0, 600.0, 150.0, 330.0, 150.0, 500.0, 750.0, 600.0, 350.0, 600.0, 1900.0, 1250.0, 1000.0, 1400.0, 1450.0, 4660.0] | D82: 3220 | E82: 500 | F82: 2075 | G82: 800 | H82: 2845 | I82: 1000 | J82: =SUM(D82:I82) -> 10440 | K82: =IFS( J82 <= 2000, "Low (<=2,000$ – Bottom ~25%)", J82 <= 4750, "Medium-Low (2,001–4,750$)", J82 <= 6630, "Medium-High (4,751–6,630$ – Top 50–75%)", TRUE, "High (>6,630$ – Top ~25%)" ) -> High (>6,630$ – Top ~25%) | L82: =IF(J82=0, "Default / High Risk", "Paid Something") -> Paid Something | M82: =IF(C82="", 0, LEN(C82) - LEN(SUBSTITUTE(C82, ",", "")) + 1) -> 23 | N82: =IFERROR(__xludf.DUMMYFUNCTION("IF(C82="""", 0, SUM(ARRAYFORMULA(IF(SPLIT(C82, "","")=""0"", 1, 0))))"),0.0) -> 0 | O82: =IF(C82="", "No History", IF(ISNUMBER(SEARCH(",0.0,", ","&C82&",")) + ISNUMBER(SEARCH(",0.0]", ","&C82&"]")) > 0, "Yes", "No")) -> No | P82: =IFERROR(__xludf.DUMMYFUNCTION("IF(C82="""", 0, SUM( ARRAYFORMULA( IFERROR( VALUE(REGEXREPLACE(TRIM(SPLIT(REGEXREPLACE(C82, ""[\[\]]"", """"), "","")), ""[^0-9.]"", """")), 0 ) ) ) )"),22970.0) -> 22970 | Q82: =IF(M82=0, 0, P82/M82) -> 998.69565
A83: ID_BP98YVX | B83: ['04-2018', '07-2018', '09-2018', '10-2018', '11-2018', '01-2019', '02-2019', '03-2019', '05-2019', '06-2019', '07-2019', '08-2019', '10-2019', '11-2019', '12-2019', '01-2020', '02-2020'] | C83: [4500.0, 3000.0, 750.0, 500.0, 800.0, 350.0, 400.0, 1177.0, 1700.0, 1200.0, 1500.0, 1500.0, 1200.0, 1400.0, 1110.0, 1820.0, 200.0] | D83: 3200 | E83: 2100 | F83: 1500 | G83: 1250 | H83: 1200 | I83: 1053 | J83: =SUM(D83:I83) -> 10303 | K83: =IFS( J83 <= 2000, "Low (<=2,000$ – Bottom ~25%)", J83 <= 4750, "Medium-Low (2,001–4,750$)", J83 <= 6630, "Medium-High (4,751–6,630$ – Top 50–75%)", TRUE, "High (>6,630$ – Top ~25%)" ) -> High (>6,630$ – Top ~25%) | L83: =IF(J83=0, "Default / High Risk", "Paid Something") -> Paid Something | M83: =IF(C83="", 0, LEN(C83) - LEN(SUBSTITUTE(C83, ",", "")) + 1) -> 17 | N83: =IFERROR(__xludf.DUMMYFUNCTION("IF(C83="""", 0, SUM(ARRAYFORMULA(IF(SPLIT(C83, "","")=""0"", 1, 0))))"),0.0) -> 0 | O83: =IF(C83="", "No History", IF(ISNUMBER(SEARCH(",0.0,", ","&C83&",")) + ISNUMBER(SEARCH(",0.0]", ","&C83&"]")) > 0, "Yes", "No")) -> No | P83: =IFERROR(__xludf.DUMMYFUNCTION("IF(C83="""", 0, SUM( ARRAYFORMULA( IFERROR( VALUE(REGEXREPLACE(TRIM(SPLIT(REGEXREPLACE(C83, ""[\[\]]"", """"), "","")), ""[^0-9.]"", """")), 0 ) ) ) )"),23107.0) -> 23107 | Q83: =IF(M83=0, 0, P83/M83) -> 1359.2353
A84: ID_3IDW1IN | B84: ['03-2018', '04-2018', '06-2018', '07-2018', '08-2018', '09-2018', '11-2018', '12-2018', '03-2019', '04-2019', '05-2019'] | C84: [13500.0, 3105.0, 2000.0, 100.0, 5300.0, 5000.0, 3300.0, 5000.0, 3000.0, 1300.0, 2700.0] | D84: 3200 | E84: 2400 | F84: 1900 | G84: 2200 | H84: 2200 | I84: 759 | J84: =SUM(D84:I84) -> 12659 | K84: =IFS( J84 <= 2000, "Low (<=2,000$ – Bottom ~25%)", J84 <= 4750, "Medium-Low (2,001–4,750$)", J84 <= 6630, "Medium-High (4,751–6,630$ – Top 50–75%)", TRUE, "High (>6,630$ – Top ~25%)" ) -> High (>6,630$ – Top ~25%) | L84: =IF(J84=0, "Default / High Risk", "Paid Something") -> Paid Something | M84: =IF(C84="", 0, LEN(C84) - LEN(SUBSTITUTE(C84, ",", "")) + 1) -> 11 | N84: =IFERROR(__xludf.DUMMYFUNCTION("IF(C84="""", 0, SUM(ARRAYFORMULA(IF(SPLIT(C84, "","")=""0"", 1, 0))))"),0.0) -> 0 | O84: =IF(C84="", "No History", IF(ISNUMBER(SEARCH(",0.0,", ","&C84&",")) + ISNUMBER(SEARCH(",0.0]", ","&C84&"]")) > 0, "Yes", "No")) -> No | P84: =IFERROR(__xludf.DUMMYFUNCTION("IF(C84="""", 0, SUM( ARRAYFORMULA( IFERROR( VALUE(REGEXREPLACE(TRIM(SPLIT(REGEXREPLACE(C84, ""[\[\]]"", """"), "","")), ""[^0-9.]"", """")), 0 ) ) ) )"),44305.0) -> 44305 | Q84: =IF(M84=0, 0, P84/M84) -> 4027.7273
A85: ID_SBREH4T | B85: ['03-2018', '04-2018', '05-2018', '07-2018', '09-2018', '11-2018', '12-2018', '01-2019'] | C85: [4000.0, 3500.0, 3000.0, 2000.0, 2900.0, 3000.0, 1000.0, 2500.0] | D85: 3200 | E85: 2100 | F85: 1100 | G85: 1300 | H85: 2484 | I85: 1000 | J85: =SUM(D85:I85) -> 11184 | K85: =IFS( J85 <= 2000, "Low (<=2,000$ – Bottom ~25%)", J85 <= 4750, "Medium-Low (2,001–4,750$)", J85 <= 6630, "Medium-High (4,751–6,630$ – Top 50–75%)", TRUE, "High (>6,630$ – Top ~25%)" ) -> High (>6,630$ – Top ~25%) | L85: =IF(J85=0, "Default / High Risk", "Paid Something") -> Paid Something | M85: =IF(C85="", 0, LEN(C85) - LEN(SUBSTITUTE(C85, ",", "")) + 1) -> 8 | N85: =IFERROR(__xludf.DUMMYFUNCTION("IF(C85="""", 0, SUM(ARRAYFORMULA(IF(SPLIT(C85, "","")=""0"", 1, 0))))"),0.0) -> 0 | O85: =IF(C85="", "No History", IF(ISNUMBER(SEARCH(",0.0,", ","&C85&",")) + ISNUMBER(SEARCH(",0.0]", ","&C85&"]")) > 0, "Yes", "No")) -> No | P85: =IFERROR(__xludf.DUMMYFUNCTION("IF(C85="""", 0, SUM( ARRAYFORMULA( IFERROR( VALUE(REGEXREPLACE(TRIM(SPLIT(REGEXREPLACE(C85, ""[\[\]]"", """"), "","")), ""[^0-9.]"", """")), 0 ) ) ) )"),21900.0) -> 21900 | Q85: =IF(M85=0, 0, P85/M85) -> 2737.5
A86: ID_SGE2B02 | B86: ['03-2018', '04-2018', '06-2018', '07-2018', '08-2018', '09-2018', '10-2018', '12-2018', '01-2019', '02-2019', '04-2019', '05-2019'] | C86: [2500.0, 3780.0, 2000.0, 1000.0, 1500.0, 1700.0, 2500.0, 1900.0, 1000.0, 2180.0, 2150.0, 750.0] | D86: 3200 | E86: 1930 | F86: 1000 | G86: 1250 | H86: 1270 | I86: 1471 | J86: =SUM(D86:I86) -> 10121 | K86: =IFS( J86 <= 2000, "Low (<=2,000$ – Bottom ~25%)", J86 <= 4750, "Medium-Low (2,001–4,750$)", J86 <= 6630, "Medium-High (4,751–6,630$ – Top 50–75%)", TRUE, "High (>6,630$ – Top ~25%)" ) -> High (>6,630$ – Top ~25%) | L86: =IF(J86=0, "Default / High Risk", "Paid Something") -> Paid Something | M86: =IF(C86="", 0, LEN(C86) - LEN(SUBSTITUTE(C86, ",", "")) + 1) -> 12 | N86: =IFERROR(__xludf.DUMMYFUNCTION("IF(C86="""", 0, SUM(ARRAYFORMULA(IF(SPLIT(C86, "","")=""0"", 1, 0))))"),0.0) -> 0 | O86: =IF(C86="", "No History", IF(ISNUMBER(SEARCH(",0.0,", ","&C86&",")) + ISNUMBER(SEARCH(",0.0]", ","&C86&"]")) > 0, "Yes", "No")) -> No | P86: =IFERROR(__xludf.DUMMYFUNCTION("IF(C86="""", 0, SUM( ARRAYFORMULA( IFERROR( VALUE(REGEXREPLACE(TRIM(SPLIT(REGEXREPLACE(C86, ""[\[\]]"", """"), "","")), ""[^0-9.]"", """")), 0 ) ) ) )"),22960.0) -> 22960 | Q86: =IF(M86=0, 0, P86/M86) -> 1913.3333
A87: ID_T9XOZ59 | B87: ['01-2018', '02-2018', '04-2018', '06-2018', '08-2018'] | C87: [2999.0, 4950.0, 1650.0, 3300.0, 3200.0] | D87: 3200 | E87: 1650 | F87: 3245 | G87: 3300 | H87: 3300 | I87: 2290 | J87: =SUM(D87:I87) -> 16985 | K87: =IFS( J87 <= 2000, "Low (<=2,000$ – Bottom ~25%)", J87 <= 4750, "Medium-Low (2,001–4,750$)", J87 <= 6630, "Medium-High (4,751–6,630$ – Top 50–75%)", TRUE, "High (>6,630$ – Top ~25%)" ) -> High (>6,630$ – Top ~25%) | L87: =IF(J87=0, "Default / High Risk", "Paid Something") -> Paid Something | M87: =IF(C87="", 0, LEN(C87) - LEN(SUBSTITUTE(C87, ",", "")) + 1) -> 5 | N87: =IFERROR(__xludf.DUMMYFUNCTION("IF(C87="""", 0, SUM(ARRAYFORMULA(IF(SPLIT(C87, "","")=""0"", 1, 0))))"),0.0) -> 0 | O87: =IF(C87="", "No History", IF(ISNUMBER(SEARCH(",0.0,", ","&C87&",")) + ISNUMBER(SEARCH(",0.0]", ","&C87&"]")) > 0, "Yes", "No")) -> No | P87: =IFERROR(__xludf.DUMMYFUNCTION("IF(C87="""", 0, SUM( ARRAYFORMULA( IFERROR( VALUE(REGEXREPLACE(TRIM(SPLIT(REGEXREPLACE(C87, ""[\[\]]"", """"), "","")), ""[^0-9.]"", """")), 0 ) ) ) )"),16099.0) -> 16099 | Q87: =IF(M87=0, 0, P87/M87) -> 3219.8
A88: ID_T1DDCH5 | B88: ['02-2018', '03-2018', '06-2018', '08-2018', '09-2018', '10-2018', '11-2018', '12-2018', '01-2019', '02-2019', '03-2019'] | C88: [6500.0, 10000.0, 6000.0, 1500.0, 2700.0, 3500.0, 1900.0, 2700.0, 3400.0, 1900.0, 3000.0] | D88: 3200 | E88: 3000 | F88: 2450 | G88: 3025 | H88: 2880 | I88: 3310 | J88: =SUM(D88:I88) -> 17865 | K88: =IFS( J88 <= 2000, "Low (<=2,000$ – Bottom ~25%)", J88 <= 4750, "Medium-Low (2,001–4,750$)", J88 <= 6630, "Medium-High (4,751–6,630$ – Top 50–75%)", TRUE, "High (>6,630$ – Top ~25%)" ) -> High (>6,630$ – Top ~25%) | L88: =IF(J88=0, "Default / High Risk", "Paid Something") -> Paid Something | M88: =IF(C88="", 0, LEN(C88) - LEN(SUBSTITUTE(C88, ",", "")) + 1) -> 11 | N88: =IFERROR(__xludf.DUMMYFUNCTION("IF(C88="""", 0, SUM(ARRAYFORMULA(IF(SPLIT(C88, "","")=""0"", 1, 0))))"),0.0) -> 0 | O88: =IF(C88="", "No History", IF(ISNUMBER(SEARCH(",0.0,", ","&C88&",")) + ISNUMBER(SEARCH(",0.0]", ","&C88&"]")) > 0, "Yes", "No")) -> No | P88: =IFERROR(__xludf.DUMMYFUNCTION("IF(C88="""", 0, SUM( ARRAYFORMULA( IFERROR( VALUE(REGEXREPLACE(TRIM(SPLIT(REGEXREPLACE(C88, ""[\[\]]"", """"), "","")), ""[^0-9.]"", """")), 0 ) ) ) )"),43100.0) -> 43100 | Q88: =IF(M88=0, 0, P88/M88) -> 3918.1818
A89: ID_X5ASL5L | B89: ['02-2020', '03-2020', '04-2020', '05-2020', '06-2020'] | C89: [2800.0, 1520.0, 1500.0, 1500.0, 900.0] | D89: 3180 | E89: 300 | F89: 300 | G89: 300 | H89: 100 | I89: 150 | J89: =SUM(D89:I89) -> 4330 | K89: =IFS( J89 <= 2000, "Low (<=2,000$ – Bottom ~25%)", J89 <= 4750, "Medium-Low (2,001–4,750$)", J89 <= 6630, "Medium-High (4,751–6,630$ – Top 50–75%)", TRUE, "High (>6,630$ – Top ~25%)" ) -> Medium-Low (2,001–4,750$) | L89: =IF(J89=0, "Default / High Risk", "Paid Something") -> Paid Something | M89: =IF(C89="", 0, LEN(C89) - LEN(SUBSTITUTE(C89, ",", "")) + 1) -> 5 | N89: =IFERROR(__xludf.DUMMYFUNCTION("IF(C89="""", 0, SUM(ARRAYFORMULA(IF(SPLIT(C89, "","")=""0"", 1, 0))))"),0.0) -> 0 | O89: =IF(C89="", "No History", IF(ISNUMBER(SEARCH(",0.0,", ","&C89&",")) + ISNUMBER(SEARCH(",0.0]", ","&C89&"]")) > 0, "Yes", "No")) -> No | P89: =IFERROR(__xludf.DUMMYFUNCTION("IF(C89="""", 0, SUM( ARRAYFORMULA( IFERROR( VALUE(REGEXREPLACE(TRIM(SPLIT(REGEXREPLACE(C89, ""[\[\]]"", """"), "","")), ""[^0-9.]"", """")), 0 ) ) ) )"),8220.0) -> 8220 | Q89: =IF(M89=0, 0, P89/M89) -> 1644
A90: ID_MINLIM6 | B90: ['02-2018', '03-2018', '04-2018', '05-2018', '06-2018', '07-2018', '08-2018', '09-2018', '10-2018', '11-2018', '12-2018', '01-2019', '02-2019', '03-2019', '04-2019', '05-2019', '06-2019', '07-2019', '08-2019', '09-2019', '10-2019', '11-2019', '12-2019', '01-2020', '02-2020', '03-2020', '04-2020', '05-2020', '06-2020', '07-2020', '08-2020', '09-2020', '10-2020', '11-2020'] | C90: [6500.0, 1340.0, 1890.0, 1790.0, 1375.0, 1800.0, 1555.0, 1615.0, 1220.0, 1855.0, 1555.0, 1070.0, 940.0, 570.0, 950.0, 475.0, 475.0, 575.0, 1330.0, 280.0, 380.0, 475.0, 190.0, 285.0, 300.0, 385.0, 245.0, 645.0, 890.0, 1430.0, 485.0, 770.0, 1560.0, 2450.0] | D90: 3175 | E90: 90 | F90: 2000 | G90: 285 | H90: 285 | I90: 95 | J90: =SUM(D90:I90) -> 5930 | K90: =IFS( J90 <= 2000, "Low (<=2,000$ – Bottom ~25%)", J90 <= 4750, "Medium-Low (2,001–4,750$)", J90 <= 6630, "Medium-High (4,751–6,630$ – Top 50–75%)", TRUE, "High (>6,630$ – Top ~25%)" ) -> Medium-High (4,751–6,630$ – Top 50–75%) | L90: =IF(J90=0, "Default / High Risk", "Paid Something") -> Paid Something | M90: =IF(C90="", 0, LEN(C90) - LEN(SUBSTITUTE(C90, ",", "")) + 1) -> 34 | N90: =IFERROR(__xludf.DUMMYFUNCTION("IF(C90="""", 0, SUM(ARRAYFORMULA(IF(SPLIT(C90, "","")=""0"", 1, 0))))"),0.0) -> 0 | O90: =IF(C90="", "No History", IF(ISNUMBER(SEARCH(",0.0,", ","&C90&",")) + ISNUMBER(SEARCH(",0.0]", ","&C90&"]")) > 0, "Yes", "No")) -> No | P90: =IFERROR(__xludf.DUMMYFUNCTION("IF(C90="""", 0, SUM( ARRAYFORMULA( IFERROR( VALUE(REGEXREPLACE(TRIM(SPLIT(REGEXREPLACE(C90, ""[\[\]]"", """"), "","")), ""[^0-9.]"", """")), 0 ) ) ) )"),39650.0) -> 39650 | Q90: =IF(M90=0, 0, P90/M90) -> 1166.1765
A91: ID_5JBU3P4 | B91: ['02-2018', '03-2018', '04-2018', '05-2018', '07-2018', '08-2018', '11-2018', '12-2018', '02-2019', '03-2019', '04-2019', '05-2019', '06-2019', '07-2019', '08-2019', '09-2019', '10-2019', '11-2019', '02-2020', '03-2020', '04-2020', '05-2020', '06-2020', '07-2020', '08-2020', '09-2020', '10-2020', '11-2020'] | C91: [2999.0, 105.0, 385.0, 220.0, 55.0, 55.0, 55.0, 55.0, 110.0, 385.0, 165.0, 210.0, 55.0, 55.0, 125.0, 55.0, 15.0, 55.0, 3000.0, 110.0, 460.0, 165.0, 500.0, 610.0, 440.0, 440.0, 440.0, 55.0] | D91: 3165 | E91: 605 | F91: 220 | G91: 385 | H91: 220 | I91: 385 | J91: =SUM(D91:I91) -> 4980 | K91: =IFS( J91 <= 2000, "Low (<=2,000$ – Bottom ~25%)", J91 <= 4750, "Medium-Low (2,001–4,750$)", J91 <= 6630, "Medium-High (4,751–6,630$ – Top 50–75%)", TRUE, "High (>6,630$ – Top ~25%)" ) -> Medium-High (4,751–6,630$ – Top 50–75%) | L91: =IF(J91=0, "Default / High Risk", "Paid Something") -> Paid Something | M91: =IF(C91="", 0, LEN(C91) - LEN(SUBSTITUTE(C91, ",", "")) + 1) -> 28 | N91: =IFERROR(__xludf.DUMMYFUNCTION("IF(C91="""", 0, SUM(ARRAYFORMULA(IF(SPLIT(C91, "","")=""0"", 1, 0))))"),0.0) -> 0 | O91: =IF(C91="", "No History", IF(ISNUMBER(SEARCH(",0.0,", ","&C91&",")) + ISNUMBER(SEARCH(",0.0]", ","&C91&"]")) > 0, "Yes", "No")) -> No | P91: =IFERROR(__xludf.DUMMYFUNCTION("IF(C91="""", 0, SUM( ARRAYFORMULA( IFERROR( VALUE(REGEXREPLACE(TRIM(SPLIT(REGEXREPLACE(C91, ""[\[\]]"", """"), "","")), ""[^0-9.]"", """")), 0 ) ) ) )"),11379.0) -> 11379 | Q91: =IF(M91=0, 0, P91/M91) -> 406.39286
A92: ID_P0P6WE8 | B92: ['03-2018', '04-2018', '05-2018', '06-2018', '07-2018', '08-2018', '09-2018', '10-2018', '11-2018', '12-2018', '01-2019', '02-2019', '03-2019', '04-2019', '05-2019', '06-2019', '07-2019', '08-2019', '09-2019', '10-2019', '11-2019', '12-2019', '01-2020', '02-2020', '03-2020', '04-2020', '05-2020', '06-2020', '07-2020', '08-2020', '09-2020', '10-2020'] | C92: [3000.0, 825.0, 615.0, 440.0, 325.0, 275.0, 365.0, 330.0, 330.0, 375.0, 465.0, 510.0, 615.0, 380.0, 370.0, 320.0, 275.0, 660.0, 388.0, 220.0, 330.0, 275.0, 315.0, 390.0, 480.0, 320.0, 585.0, 265.0, 336.0, 330.0, 220.0, 275.0] | D92: 3165 | E92: 275 | F92: 685 | G92: 660 | H92: 165 | I92: 110 | J92: =SUM(D92:I92) -> 5060 | K92: =IFS( J92 <= 2000, "Low (<=2,000$ – Bottom ~25%)", J92 <= 4750, "Medium-Low (2,001–4,750$)", J92 <= 6630, "Medium-High (4,751–6,630$ – Top 50–75%)", TRUE, "High (>6,630$ – Top ~25%)" ) -> Medium-High (4,751–6,630$ – Top 50–75%) | L92: =IF(J92=0, "Default / High Risk", "Paid Something") -> Paid Something | M92: =IF(C92="", 0, LEN(C92) - LEN(SUBSTITUTE(C92, ",", "")) + 1) -> 32 | N92: =IFERROR(__xludf.DUMMYFUNCTION("IF(C92="""", 0, SUM(ARRAYFORMULA(IF(SPLIT(C92, "","")=""0"", 1, 0))))"),0.0) -> 0 | O92: =IF(C92="", "No History", IF(ISNUMBER(SEARCH(",0.0,", ","&C92&",")) + ISNUMBER(SEARCH(",0.0]", ","&C92&"]")) > 0, "Yes", "No")) -> No | P92: =IFERROR(__xludf.DUMMYFUNCTION("IF(C92="""", 0, SUM( ARRAYFORMULA( IFERROR( VALUE(REGEXREPLACE(TRIM(SPLIT(REGEXREPLACE(C92, ""[\[\]]"", """"), "","")), ""[^0-9.]"", """")), 0 ) ) ) )"),15204.0) -> 15204 | Q92: =IF(M92=0, 0, P92/M92) -> 475.125
A93: ID_OXL2VBV | B93: ['04-2018', '05-2018', '06-2018', '07-2018', '08-2018', '09-2018', '10-2018', '12-2018', '01-2019', '02-2019', '03-2019', '04-2019', '05-2019', '06-2019', '07-2019', '08-2019', '09-2019'] | C93: [8000.0, 950.0, 2850.0, 2850.0, 2850.0, 2850.0, 2375.0, 100.0, 2850.0, 2850.0, 1900.0, 2280.0, 2850.0, 2185.0, 3620.0, 950.0, 2850.0] | D93: 3150 | E93: 2050 | F93: 400 | G93: 3350 | H93: 2185 | I93: 954 | J93: =SUM(D93:I93) -> 12089 | K93: =IFS( J93 <= 2000, "Low (<=2,000$ – Bottom ~25%)", J93 <= 4750, "Medium-Low (2,001–4,750$)", J93 <= 6630, "Medium-High (4,751–6,630$ – Top 50–75%)", TRUE, "High (>6,630$ – Top ~25%)" ) -> High (>6,630$ – Top ~25%) | L93: =IF(J93=0, "Default / High Risk", "Paid Something") -> Paid Something | M93: =IF(C93="", 0, LEN(C93) - LEN(SUBSTITUTE(C93, ",", "")) + 1) -> 17 | N93: =IFERROR(__xludf.DUMMYFUNCTION("IF(C93="""", 0, SUM(ARRAYFORMULA(IF(SPLIT(C93, "","")=""0"", 1, 0))))"),0.0) -> 0 | O93: =IF(C93="", "No History", IF(ISNUMBER(SEARCH(",0.0,", ","&C93&",")) + ISNUMBER(SEARCH(",0.0]", ","&C93&"]")) > 0, "Yes", "No")) -> No | P93: =IFERROR(__xludf.DUMMYFUNCTION("IF(C93="""", 0, SUM( ARRAYFORMULA( IFERROR( VALUE(REGEXREPLACE(TRIM(SPLIT(REGEXREPLACE(C93, ""[\[\]]"", """"), "","")), ""[^0-9.]"", """")), 0 ) ) ) )"),45160.0) -> 45160 | Q93: =IF(M93=0, 0, P93/M93) -> 2656.4706
A94: ID_SH3XYMO | B94: ['01-2018', '02-2018', '03-2018', '04-2018', '05-2018', '06-2018'] | C94: [7735.0, 2375.0, 1425.0, 5035.0, 4085.0, 3040.0] | D94: 3135 | E94: 2945 | F94: 2945 | G94: 475 | H94: 5890 | I94: 17879 | J94: =SUM(D94:I94) -> 33269 | K94: =IFS( J94 <= 2000, "Low (<=2,000$ – Bottom ~25%)", J94 <= 4750, "Medium-Low (2,001–4,750$)", J94 <= 6630, "Medium-High (4,751–6,630$ – Top 50–75%)", TRUE, "High (>6,630$ – Top ~25%)" ) -> High (>6,630$ – Top ~25%) | L94: =IF(J94=0, "Default / High Risk", "Paid Something") -> Paid Something | M94: =IF(C94="", 0, LEN(C94) - LEN(SUBSTITUTE(C94, ",", "")) + 1) -> 6 | N94: =IFERROR(__xludf.DUMMYFUNCTION("IF(C94="""", 0, SUM(ARRAYFORMULA(IF(SPLIT(C94, "","")=""0"", 1, 0))))"),0.0) -> 0 | O94: =IF(C94="", "No History", IF(ISNUMBER(SEARCH(",0.0,", ","&C94&",")) + ISNUMBER(SEARCH(",0.0]", ","&C94&"]")) > 0, "Yes", "No")) -> No | P94: =IFERROR(__xludf.DUMMYFUNCTION("IF(C94="""", 0, SUM( ARRAYFORMULA( IFERROR( VALUE(REGEXREPLACE(TRIM(SPLIT(REGEXREPLACE(C94, ""[\[\]]"", """"), "","")), ""[^0-9.]"", """")), 0 ) ) ) )"),23695.0) -> 23695 | Q94: =IF(M94=0, 0, P94/M94) -> 3949.1667
A95: ID_K5N1RC2 | B95: ['04-2018', '05-2018', '07-2018', '08-2018', '10-2018', '11-2018'] | C95: [4110.0, 3970.0, 2200.0, 2200.0, 1650.0, 4400.0] | D95: 3135 | E95: 2200 | F95: 2200 | G95: 2777 | H95: 2475 | I95: 2093 | J95: =SUM(D95:I95) -> 14880 | K95: =IFS( J95 <= 2000, "Low (<=2,000$ – Bottom ~25%)", J95 <= 4750, "Medium-Low (2,001–4,750$)", J95 <= 6630, "Medium-High (4,751–6,630$ – Top 50–75%)", TRUE, "High (>6,630$ – Top ~25%)" ) -> High (>6,630$ – Top ~25%) | L95: =IF(J95=0, "Default / High Risk", "Paid Something") -> Paid Something | M95: =IF(C95="", 0, LEN(C95) - LEN(SUBSTITUTE(C95, ",", "")) + 1) -> 6 | N95: =IFERROR(__xludf.DUMMYFUNCTION("IF(C95="""", 0, SUM(ARRAYFORMULA(IF(SPLIT(C95, "","")=""0"", 1, 0))))"),0.0) -> 0 | O95: =IF(C95="", "No History", IF(ISNUMBER(SEARCH(",0.0,", ","&C95&",")) + ISNUMBER(SEARCH(",0.0]", ","&C95&"]")) > 0, "Yes", "No")) -> No | P95: =IFERROR(__xludf.DUMMYFUNCTION("IF(C95="""", 0, SUM( ARRAYFORMULA( IFERROR( VALUE(REGEXREPLACE(TRIM(SPLIT(REGEXREPLACE(C95, ""[\[\]]"", """"), "","")), ""[^0-9.]"", """")), 0 ) ) ) )"),18530.0) -> 18530 | Q95: =IF(M95=0, 0, P95/M95) -> 3088.3333
A96: ID_1GMH4R4 | B96: ['01-2018', '03-2018', '04-2018', '05-2018', '07-2018', '08-2018', '09-2018', '10-2018', '11-2018', '12-2018', '01-2019', '02-2019', '03-2019', '04-2019', '05-2019'] | C96: [5000.0, 500.0, 1950.0, 1400.0, 2050.0, 750.0, 1035.0, 1800.0, 1670.0, 1375.0, 1430.0, 2090.0, 770.0, 1650.0, 1540.0] | D96: 3105 | E96: 1650 | F96: 715 | G96: 1100 | H96: 1211 | I96: 293 | J96: =SUM(D96:I96) -> 8074 | K96: =IFS( J96 <= 2000, "Low (<=2,000$ – Bottom ~25%)", J96 <= 4750, "Medium-Low (2,001–4,750$)", J96 <= 6630, "Medium-High (4,751–6,630$ – Top 50–75%)", TRUE, "High (>6,630$ – Top ~25%)" ) -> High (>6,630$ – Top ~25%) | L96: =IF(J96=0, "Default / High Risk", "Paid Something") -> Paid Something | M96: =IF(C96="", 0, LEN(C96) - LEN(SUBSTITUTE(C96, ",", "")) + 1) -> 15 | N96: =IFERROR(__xludf.DUMMYFUNCTION("IF(C96="""", 0, SUM(ARRAYFORMULA(IF(SPLIT(C96, "","")=""0"", 1, 0))))"),0.0) -> 0 | O96: =IF(C96="", "No History", IF(ISNUMBER(SEARCH(",0.0,", ","&C96&",")) + ISNUMBER(SEARCH(",0.0]", ","&C96&"]")) > 0, "Yes", "No")) -> No | P96: =IFERROR(__xludf.DUMMYFUNCTION("IF(C96="""", 0, SUM( ARRAYFORMULA( IFERROR( VALUE(REGEXREPLACE(TRIM(SPLIT(REGEXREPLACE(C96, ""[\[\]]"", """"), "","")), ""[^0-9.]"", """")), 0 ) ) ) )"),25010.0) -> 25010 | Q96: =IF(M96=0, 0, P96/M96) -> 1667.3333
A97: ID_CO0CTD7 | B97: ['02-2018', '03-2018', '04-2018', '05-2018', '06-2018', '07-2018', '09-2018', '10-2018', '11-2018', '12-2018', '01-2019', '03-2019', '04-2019'] | C97: [6500.0, 1850.0, 1300.0, 1200.0, 2000.0, 6200.0, 2800.0, 3000.0, 2600.0, 3113.0, 4100.0, 3600.0, 2500.0] | D97: 3100 | E97: 2500 | F97: 3900 | G97: 1200 | H97: 2780 | I97: 3350 | J97: =SUM(D97:I97) -> 16830 | K97: =IFS( J97 <= 2000, "Low (<=2,000$ – Bottom ~25%)", J97 <= 4750, "Medium-Low (2,001–4,750$)", J97 <= 6630, "Medium-High (4,751–6,630$ – Top 50–75%)", TRUE, "High (>6,630$ – Top ~25%)" ) -> High (>6,630$ – Top ~25%) | L97: =IF(J97=0, "Default / High Risk", "Paid Something") -> Paid Something | M97: =IF(C97="", 0, LEN(C97) - LEN(SUBSTITUTE(C97, ",", "")) + 1) -> 13 | N97: =IFERROR(__xludf.DUMMYFUNCTION("IF(C97="""", 0, SUM(ARRAYFORMULA(IF(SPLIT(C97, "","")=""0"", 1, 0))))"),0.0) -> 0 | O97: =IF(C97="", "No History", IF(ISNUMBER(SEARCH(",0.0,", ","&C97&",")) + ISNUMBER(SEARCH(",0.0]", ","&C97&"]")) > 0, "Yes", "No")) -> No | P97: =IFERROR(__xludf.DUMMYFUNCTION("IF(C97="""", 0, SUM( ARRAYFORMULA( IFERROR( VALUE(REGEXREPLACE(TRIM(SPLIT(REGEXREPLACE(C97, ""[\[\]]"", """"), "","")), ""[^0-9.]"", """")), 0 ) ) ) )"),40763.0) -> 40763 | Q97: =IF(M97=0, 0, P97/M97) -> 3135.6154
A98: ID_4W3LDTP | B98: ['03-2018', '04-2018', '05-2018', '06-2018', '07-2018', '08-2018', '09-2018', '10-2018', '11-2018', '12-2018', '01-2019', '03-2019', '04-2019', '05-2019', '06-2019', '07-2019'] | C98: [58919.0, 1920.0, 2000.0, 2500.0, 2000.0, 2200.0, 4000.0, 1000.0, 3000.0, 1000.0, 4000.0, 2500.0, 2250.0, 2900.0, 2500.0, 2500.0] | D98: 3100 | E98: 2600 | F98: 2200 | G98: 2500 | H98: 3000 | I98: 1294 | J98: =SUM(D98:I98) -> 14694 | K98: =IFS( J98 <= 2000, "Low (<=2,000$ – Bottom ~25%)", J98 <= 4750, "Medium-Low (2,001–4,750$)", J98 <= 6630, "Medium-High (4,751–6,630$ – Top 50–75%)", TRUE, "High (>6,630$ – Top ~25%)" ) -> High (>6,630$ – Top ~25%) | L98: =IF(J98=0, "Default / High Risk", "Paid Something") -> Paid Something | M98: =IF(C98="", 0, LEN(C98) - LEN(SUBSTITUTE(C98, ",", "")) + 1) -> 16 | N98: =IFERROR(__xludf.DUMMYFUNCTION("IF(C98="""", 0, SUM(ARRAYFORMULA(IF(SPLIT(C98, "","")=""0"", 1, 0))))"),0.0) -> 0 | O98: =IF(C98="", "No History", IF(ISNUMBER(SEARCH(",0.0,", ","&C98&",")) + ISNUMBER(SEARCH(",0.0]", ","&C98&"]")) > 0, "Yes", "No")) -> No | P98: =IFERROR(__xludf.DUMMYFUNCTION("IF(C98="""", 0, SUM( ARRAYFORMULA( IFERROR( VALUE(REGEXREPLACE(TRIM(SPLIT(REGEXREPLACE(C98, ""[\[\]]"", """"), "","")), ""[^0-9.]"", """")), 0 ) ) ) )"),95189.0) -> 95189 | Q98: =IF(M98=0, 0, P98/M98) -> 5949.3125
A99: ID_34AK23A | B99: ['02-2018', '03-2018', '04-2018', '05-2018', '06-2018', '07-2018', '08-2018', '09-2018', '10-2018', '11-2018', '12-2018', '01-2019', '02-2019'] | C99: [8500.0, 1000.0, 3064.0, 3100.0, 2100.0, 2900.0, 2900.0, 2900.0, 2700.0, 3000.0, 3000.0, 2600.0, 2300.0] | D99: 3100 | E99: 4000 | F99: 3100 | G99: 3000 | H99: 3100 | I99: 600 | J99: =SUM(D99:I99) -> 16900 | K99: =IFS( J99 <= 2000, "Low (<=2,000$ – Bottom ~25%)", J99 <= 4750, "Medium-Low (2,001–4,750$)", J99 <= 6630, "Medium-High (4,751–6,630$ – Top 50–75%)", TRUE, "High (>6,630$ – Top ~25%)" ) -> High (>6,630$ – Top ~25%) | L99: =IF(J99=0, "Default / High Risk", "Paid Something") -> Paid Something | M99: =IF(C99="", 0, LEN(C99) - LEN(SUBSTITUTE(C99, ",", "")) + 1) -> 13 | N99: =IFERROR(__xludf.DUMMYFUNCTION("IF(C99="""", 0, SUM(ARRAYFORMULA(IF(SPLIT(C99, "","")=""0"", 1, 0))))"),0.0) -> 0 | O99: =IF(C99="", "No History", IF(ISNUMBER(SEARCH(",0.0,", ","&C99&",")) + ISNUMBER(SEARCH(",0.0]", ","&C99&"]")) > 0, "Yes", "No")) -> No | P99: =IFERROR(__xludf.DUMMYFUNCTION("IF(C99="""", 0, SUM( ARRAYFORMULA( IFERROR( VALUE(REGEXREPLACE(TRIM(SPLIT(REGEXREPLACE(C99, ""[\[\]]"", """"), "","")), ""[^0-9.]"", """")), 0 ) ) ) )"),40064.0) -> 40064 | Q99: =IF(M99=0, 0, P99/M99) -> 3081.8462
A100: ID_VH29EWM | B100: ['03-2018', '04-2018', '05-2018', '06-2018', '07-2018', '08-2018', '09-2018', '10-2018', '11-2018', '12-2018', '01-2019', '02-2019', '03-2019', '04-2019'] | C100: [6000.0, 2000.0, 2800.0, 2800.0, 2800.0, 3000.0, 2700.0, 2500.0, 2700.0, 3300.0, 2300.0, 2700.0, 3300.0, 2500.0] | D100: 3100 | E100: 2600 | F100: 3000 | G100: 2300 | H100: 2500 | I100: 2064 | J100: =SUM(D100:I100) -> 15564 | K100: =IFS( J100 <= 2000, "Low (<=2,000$ – Bottom ~25%)", J100 <= 4750, "Medium-Low (2,001–4,750$)", J100 <= 6630, "Medium-High (4,751–6,630$ – Top 50–75%)", TRUE, "High (>6,630$ – Top ~25%)" ) -> High (>6,630$ – Top ~25%) | L100: =IF(J100=0, "Default / High Risk", "Paid Something") -> Paid Something | M100: =IF(C100="", 0, LEN(C100) - LEN(SUBSTITUTE(C100, ",", "")) + 1) -> 14 | N100: =IFERROR(__xludf.DUMMYFUNCTION("IF(C100="""", 0, SUM(ARRAYFORMULA(IF(SPLIT(C100, "","")=""0"", 1, 0))))"),0.0) -> 0 | O100: =IF(C100="", "No History", IF(ISNUMBER(SEARCH(",0.0,", ","&C100&",")) + ISNUMBER(SEARCH(",0.0]", ","&C100&"]")) > 0, "Yes", "No")) -> No | P100: =IFERROR(__xludf.DUMMYFUNCTION("IF(C100="""", 0, SUM( ARRAYFORMULA( IFERROR( VALUE(REGEXREPLACE(TRIM(SPLIT(REGEXREPLACE(C100, ""[\[\]]"", """"), "","")), ""[^0-9.]"", """")), 0 ) ) ) )"),41400.0) -> 41400 | Q100: =IF(M100=0, 0, P100/M100) -> 2957.1429

Sheet Summary & Insights
A1: Metric/ Insight | B1: Value | C1: Notes/Interpretation | J1: =MIN(J2:J28008) -> 0
A2: Correlation: Past Total Paid → Future Repaid | B2: =CORREL(Cleaned_Working!P:P, Cleaned_Working!J:J) -> 0.18917404 | C2: Customers who paid more historically tend to repay more in the future, but it’s not extremely strong
A3: Correlation: Past Avg Payment → Future Repaid | B3: =CORREL(Cleaned_Working!Q:Q, Cleaned_Working!J:J) -> 0.38579715 | C3: Average historical payment size is a much better predictor of future repayment strength than total past paid alone.
A4: Avg Future Repaid (High Bucket) | B4: =AVERAGEIF(Cleaned_Working!K:K, "*High*", Cleaned_Working!J:J) -> 16125.561 | C4: Top ~25% repayers paid ~7.3k on average in next 6 months — solid cash flow contributors.
A5: Avg Future Repaid (Low Bucket) | B5: =AVERAGEIF(Cleaned_Working!K:K, "*Low*", Cleaned_Working!J:J) -> 4330 | C5: Bottom ~25% repayers paid only ~2.2k on average — ~3.3× less than High bucket → clear risk segment.
A6: Avg Past Avg Payment (High bucket) | B6: =AVERAGEIF(Cleaned_Working!K:K, "*High*", Cleaned_Working!Q:Q) -> 2475.8587 | C6: Top repayers had much larger average payments historically (~$1,367 per period).
A7: Avg Past Avg Payment (Low bucket) | B7: =AVERAGEIF(Cleaned_Working!K:K, "*Low*", Cleaned_Working!Q:Q) -> 1644 | C7: Bottom repayers had ~$774 avg per period — ~1.77× smaller than High bucket.
A8: % Customers in High bucket | B8: =COUNTIF(Cleaned_Working!K:K, "High (>6,630$ – Top ~25%)") / COUNTA(Cleaned_Working!K:K) -> 0.93 | C8: Roughly as designed.
A9: % Customers in Low bucket | B9: =COUNTIF(Cleaned_Working!K:K, "*Low*") / COUNTA(Cleaned_Working!K:K) -> 0.01 | C9: Slightly higher than expected
A10: Overall Avg Total Past Paid | B10: =AVERAGE(Cleaned_Working!P:P) -> 26341.384 | C10: Benchmark: average customer paid ~15k historically before snapshot.
A11: Overall Avg Past Avg Payment | B11: =AVERAGE(Cleaned_Working!Q:Q) -> 2467.4561 | C11: Benchmark: typical average payment per historical period ~$1,070.
A15: Strongest Insight: Past average payment size strongly predicts future repayment strength → actionable for customer segmentation and risk reduction.
